 #地铁客流排行榜# 3月31日（周四），北京地铁路网客运量1168.62万，上海地铁客运量1019.8万，广州地铁客运量为720.8万， 深圳地铁路网客运量346.68万，南京地铁客运量为231.6万，武汉地铁客运量206.36万，成都地铁客运量139.33万。,2016-04-01 12:39:00 来自 微博 weibo.com
 #地铁客流排行榜# 3月30日（周三），北京地铁路网客运量1178.44万，上海地铁客运量1035.5万，广州地铁客运量为710.7万， 深圳地铁路网客运量346.12万，南京地铁客运量为229.2万，武汉地铁客运量178.82万，成都地铁客运量139.43万。,2016-03-31 10:00:00 来自 华为Ascend Mate7
 #地铁客流排行榜# 3月29日（周二），北京地铁路网客运量1168.1万，上海地铁客运量1060万，广州地铁客运量为712.8万， 深圳地铁路网客运量346.1万，南京地铁客运量为229.9万，武汉地铁客运量188.77万，成都地铁客运量136.58万，西安地铁客运量100.98万。,2016-03-30 19:20:00 来自 微博 weibo.com
 #地铁客流排行榜# 3月28日（周一），北京地铁路网客运量1167.11万，上海地铁客运量10492万，广州地铁客运量为729万， 深圳地铁路网客运量341.95万，南京地铁客运量为237.2万，武汉地铁客运量205.65万，成都地铁客运量141.12万。,2016-03-29 09:26:00 来自 华为Ascend Mate7
 #地铁客流排行榜# 3月27日（周日），北京地铁路网客运量849.37万，上海地铁客运量777万，广州地铁客运量为730.8万， 深圳地铁路网客运量334.04万，南京地铁客运量为234.6万，武汉地铁客运量209.37万，成都地铁客运量122万。,2016-03-28 10:37:00 来自 微博 weibo.com
 #地铁客流排行榜# 3月26日（周六），北京地铁路网客运量923.53万，上海地铁客运量856.4万，广州地铁客运量为770.3万， 深圳地铁路网客运量340.24万，南京地铁客运量为250.9万，武汉地铁客运量211.99万.,2016-03-27 12:20:00 来自 华为Ascend Mate7
 #地铁客流排行榜# 3月25日（周五），北京地铁路网客运量1242.61万，上海地铁客运量1107.2万，广州地铁客运量为782.5万， 深圳地铁路网客运量373.27万，南京地铁客运量为264.6万，武汉地铁客运量223.75万，成都地铁客运量为173.82万。北京成都客流创新高。,2016-03-26 10:55:00 来自 华为Ascend Mate7
 #地铁客流排行榜# 3月24日（周四），北京地铁路网客运量1170.21万，上海地铁客运量1043.2万，广州地铁客运量为666万， 深圳地铁路网客运量327.02万，南京地铁客运量为233.7万，武汉地铁客运量为201.66万，成都地铁客运量162.69万。,2016-03-25 09:58:00 来自 微博 weibo.com
 #地铁客流排行榜# 3月23日（周三），北京地铁路网客运量1163.04万，上海地铁客运量1037.6万，广州地铁客运量为653.2万， 深圳地铁路网客运量320.3万，南京地铁客运量为236.2万，武汉地铁客运量为193.99万，成都地铁客运量155.59万。,2016-03-24 18:28:00 来自 微博 weibo.com
 #地铁客流排行榜# 3月22日（周二），北京地铁路网客运量1147.55万，上海地铁客运量1026.4万，广州地铁客运量为664.7万， 深圳地铁路网客运量336.08万，南京地铁客运量为236.2万，武汉地铁客运量为197.07万，成都地铁客运量151.13万。,2016-03-23 12:54:00 来自 微博 weibo.com
 #地铁客流排行榜# 3月21日（周一），北京地铁路网客运量1153.79万，上海地铁客运量1041.3万，广州地铁客运量为661.5万， 深圳地铁路网客运量333.7万，南京地铁客运量为244.2万，武汉地铁客运量为200.07万，成都地铁客运量156.3万。,2016-03-23 12:53:00 来自 微博 weibo.com
 #地铁客流排行榜# 3月20日（周日），北京地铁路网客运量814.19万，上海地铁客运量771.5万，广州地铁客运量为673万， 深圳地铁路网客运量309.64万，南京地铁客运量为253.6万，武汉地铁客运量为206.99万，成都地铁客运量138.73万。,2016-03-21 20:37:00 来自 华为Ascend Mate7
 #地铁客流排行榜# 3月19日（周六），北京地铁路网客运量890.93万，上海地铁客运量805.5万，广州地铁客运量为708.9万， 深圳地铁路网客运量328.74万，南京地铁客运量为279.6万，成都地铁客运量为143.48万，西安地铁客运量121.53万。,2016-03-20 12:55:00 来自 华为Ascend Mate7
 #地铁客流排行# 3月18日（周五），北京地铁1222.13万人次，上海地铁1091万人次，广州地铁763.3万人次，深圳366.48万人次，南京地铁264.5万人次，武汉地铁227.85万，成都地铁166.21万人次，北京成都客流创出新高。,2016-03-19 11:07:00 来自 华为Ascend Mate7
 #地铁客流排行榜# 3月17日（周四），北京地铁路网客运量1154.57万，上海地铁客运量为1040.5万，广州地铁客运量为681.9万， 深圳地铁路网客运量348.8万，南京地铁客运量为230.2万，武汉地铁客运量为190.87万，成都地铁客运量为137.62万。,2016-03-18 10:57:00 来自 微博 weibo.com
 #地铁客流排行榜# 3月16日（周三），北京地铁路网客运量1159.05万，上海地铁客运量为1067.8万，广州地铁客运量为702.8万， 深圳地铁路网客运量346.64万，南京地铁客运量为240.3万，武汉地铁客运量为196.44万，成都地铁客运量为139.91万。,2016-03-17 20:51:00 来自 华为Ascend Mate7
 #地铁客流排行榜# 3月15日（周二），北京地铁路网客运量1141.24万，上海地铁客运量为1057.5万，广州地铁客运量为704.6万， 深圳地铁路网客运量343.93万，南京地铁客运量为234.2万，武汉地铁客运量为196.78万，成都地铁客运量为139.21万。,2016-03-16 11:46:00 来自 华为Ascend Mate7
 #地铁客流排行榜# 3月14日（周一），北京地铁路网客运量1145.32万，上海地铁客运量为1031.8万，广州地铁客运量为713.7万， 深圳地铁路网客运量349.64万，南京地铁客运量为235.7万，武汉地铁客运量为201.47万，成都地铁客运量为138.76万。,2016-03-15 10:27:00 来自 微博 weibo.com
 #地铁客流排行榜# 3月12日（周日），北京地铁路网客运量768.35万，上海地铁客运量为680.9万，广州地铁客运量为604.6万， 深圳地铁路网客运量294.71万，武汉地铁客运量为214.1万，南京地铁客运量为212.5万，成都地铁客运量为118.79万，西安地铁客运量114.8万。,2016-03-14 10:48:00 来自 微博 weibo.com
 #地铁客流排行榜# 3月11日（周六），上海地铁客运量为832.8万，北京地铁路网客运量821.94万，广州地铁客运量为710.1万， 深圳地铁路网客运量314.41万，南京地铁客运量为265.1万，武汉地铁客运量为214.1万，成都地铁客运量为116.52万，西安地铁客运量114.8万。,2016-03-13 11:58:00 来自 华为Ascend Mate7
 #地铁客流排行# 3月11日（周五），北京地铁1209万人次，上海地铁1116万人次，广州地铁781.9万人次，深圳361.5万人次，南京地铁268万人次，武汉地铁220.32万，成都地铁155.6万人次，西安地铁114.5万人次。北京上海客流创出历史新高。,2016-03-12 17:36:00 来自 华为Ascend Mate7
 #地铁客流排行# 3月11日（周五），北京地铁1209万人次，上海地铁1116万人次，广州地铁781.9万人次，深圳361.5万人次，南京地铁268万人次，成都地铁155.6万人次，西安地铁114.5万人次。北京上海客流创出历史新高。,2016-03-12 12:21:00 来自 华为Ascend Mate7
 #地铁客流排行榜# 3月9日（周三），北京地铁路网客运量为1139.37万，上海地铁客运量为1002.3万，广州地铁客运量为752.7万， 深圳地铁路网客运量331.62万，南京地铁客运量为224.9万，武汉地铁客运量为181.62万，成都地铁客运量为128.63万。,2016-03-10 09:52:00 来自 微博 weibo.com
 #地铁客流排行榜# 3月8日（周二），北京地铁路网客运量为1161.48万，上海地铁客运量为1001万，广州地铁客运量为752.7万， 深圳地铁路网客运量372.7万，南京地铁客运量为212.7万，武汉地铁客运量为181.88万，成都地铁客运量为142.25万。昨日是三八节，广深客流上升较大，能说明什么？,2016-03-09 09:57:00 来自 微博 weibo.com
 #地铁客流排行榜# 3月7日（周一），北京地铁路网客运量为1140.03万，上海地铁客运量为1030.9万，广州地铁客运量为724.6万， 深圳地铁路网客运量355.6万，南京地铁客运量为234.5万，武汉地铁客运量为198.6万，成都地铁客运量为137.97万。,2016-03-08 10:39:00 来自 华为Ascend Mate7
 #地铁客流排行榜# 3月6日（周日），北京地铁路网客运量为752.74万，广州地铁客运量为728.9万，上海地铁客运量为718.9万， 深圳地铁路网客运量317.64万，南京地铁客运量为227.9万，武汉地铁客运量为203.7万，成都地铁客运量为119.61万。,2016-03-07 09:32:00 来自 微博 weibo.com
 #地铁客流排行榜# 3月5日（正月廿七，周六），北京地铁路网客运量为814.11万，上海地铁客运量为811.7万，广州地铁客运量为771.8万， 深圳地铁路网客运量305.87万，南京地铁客运量为261.9万，武汉地铁客运量为211.76万，成都地铁客运量为130.41万。,2016-03-06 13:06:00 来自 华为Ascend Mate7
 #地铁客流排行榜# 3月4日（正月廿六，周五），北京地铁路网客运量为1200.11万，上海地铁客运量为1082.6万，广州地铁客运量为800.7万， 深圳地铁路网客运量370.47万，南京地铁客运量为254.5万，武汉地铁客运量为219.15万，成都地铁客运量为156.29万。北上等城客流超或逼近历史新高。,2016-03-05 09:45:00 来自 华为Ascend Mate7
 #地铁客流排行榜# 3月3日（正月廿五，周四），北京地铁路网客运量为1130万，上海地铁客运量为1025.3万，广州地铁客运量为734.2万， 深圳地铁路网客运量323.98万，南京地铁客运量为226.3万，武汉地铁客运量为194.17万，成都地铁客运量为139.57万。,2016-03-04 11:00:00 来自 微博 weibo.com
 #地铁客流排行榜# 3月2日（正月廿四，周三），北京地铁路网客运量为1132.08万，上海地铁客运量为1033.1万，广州地铁客运量为733.4万， 深圳地铁路网客运量350.71万，南京地铁客运量为234.8万，武汉地铁客运量为196.67万，成都地铁客运量为140.44万。,2016-03-03 10:36:00 来自 华为Ascend Mate7
 #地铁客流排行榜# 3月1日（正月廿三，周二），北京地铁路网客运量为1128.4万，上海地铁客运量为1023.9万，广州地铁客运量为726.7万， 深圳地铁路网客运量345.97万，南京地铁客运量为236.6万，武汉地铁客运量为201.59万，成都地铁客运量为142.97万。,2016-03-02 10:16:00 来自 微博 weibo.com
 #地铁客流排行榜# 2月29日（正月廿二，周一），北京地铁路网客运量为1127.31万，上海地铁客运量为1016.5万，广州地铁客运量为732.4万， 深圳地铁路网客运量352.9万，南京地铁客运量为238万，武汉地铁客运量为207.2万，成都地铁客运量为144.46万。,2016-03-01 09:22:00 来自 微博 weibo.com
 #地铁客流排行榜# 2月28日（正月廿一，周日），北京地铁路网客运量为737.46万，上海地铁客运量为733.8万，广州地铁客运量为733.5万， 深圳地铁路网客运量325.53万，南京地铁客运量为237.9万，武汉地铁客运量为203.3万，成都地铁客运量为131.7万。,2016-02-29 14:59:00 来自 微博 weibo.com
 #地铁客流排行榜# 2月27日（正月二十，周六），北京地铁路网客运量为818.5万，上海地铁客运量为817.1万，广州地铁客运量为770.9万， 深圳地铁路网客运量333.71万，南京地铁客运量为267万，武汉地铁客运量为219.95万，成都地铁客运量为144.92万。,2016-02-29 14:55:00 来自 微博 weibo.com
 #地铁客流排行榜# 2月26日（正月十九，周五），北京地铁路网客运量为1176.75万，上海地铁客运量为1063.1万，广州地铁客运量为764.2万， 深圳地铁路网客运量364万，南京地铁客运量为262.9万，武汉地铁客运量为223.6万，成都地铁客运量为163.51万。各地客流节节攀高。,2016-02-27 10:15:00 来自 华为Ascend Mate7
 #地铁客流排行榜# 2月25日（正月十八，周四），北京地铁路网客运量为1114.06万，上海地铁客运量为1008.1万，广州地铁客运量为716.8万， 深圳地铁路网客运量331.06万，南京地铁客运量为235.4万，武汉地铁客运量为20579万，成都地铁客运量为146.26万。,2016-02-26 10:33:00 来自 微博 weibo.com
 #地铁客流排行榜# 2月23日（正月十六，周二），北京地铁路网客运量为1062.26万，上海地铁客运量为971.4万，广州地铁客运量为671.2万， 深圳地铁路网客运量316.02万，南京地铁客运量为238.3万，武汉地铁客运量为207.52万，成都地铁客运量为147.78万。,2016-02-24 10:53:00 来自 微博 weibo.com
 #地铁客流排行榜# 2月22日（正月十五，周一），北京地铁路网客运量为1033.32万，上海地铁客运量为887.5万，广州地铁客运量为655万， 深圳地铁路网客运量315.59万，南京地铁客运量为229.5万，武汉地铁客运量为184.85万，成都地铁客运量为144.15万。,2016-02-23 12:27:00 来自 微博 weibo.com
 #地铁客流排行榜# 2月20日（正月十三，周六），上海地铁客运量为702.8万，北京地铁路网客运量为667.93万，广州地铁客运量为596.4万， 深圳地铁路网客运量262.1万，南京地铁客运量为224万，武汉地铁客运量为182.33万，成都地铁客运量为115.56万。,2016-02-21 22:52:00 来自 华为Ascend Mate7
 #地铁客流排行榜# 2月19日（正月十二，周四五），北京地铁路网客运量为1001.48万，上海地铁客运量为932.5万，广州地铁客运量为583.5万， 深圳地铁路网客运量290.69万，南京地铁客运量为237.3万，武汉地铁客运量为190.67万，成都地铁客运量为140.85万。,2016-02-20 14:03:00 来自 华为Ascend Mate7
 #地铁客流排行榜# 2月18日（正月十一，周四），北京地铁路网客运量为963.35万，上海地铁客运量为902.9万，广州地铁客运量为606.4万， 深圳地铁路网客运量288.47万，南京地铁客运量为231.7万，武汉地铁客运量为184.85万，成都地铁客运量为132.04万。节后稳步回升，快接近正常工作日水平了。,2016-02-19 10:58:00 来自 微博 weibo.com
 #地铁客流排行榜# 2月17日（年初十，周三），北京地铁路网客运量为934.62万，上海地铁客运量为876万，广州地铁客运量为589.3万， 深圳地铁路网客运量257.11万，南京地铁客运量为217.4万，武汉地铁客运量为183.27万，成都地铁客运量为132.25万。,2016-02-18 10:07:00 来自 微博 weibo.com
 #地铁客流排行榜# 2月16日（年初九，周二），北京地铁路网客运量为870.34万，上海地铁客运量为831.6万，广州地铁客运量为560.7万， 深圳地铁路网客运量250.76万，南京地铁客运量为205.2万，武汉地铁客运量为181.81万，成都地铁客运量为128.2万。,2016-02-17 09:26:00 来自 微博 weibo.com
 #地铁客流排行榜# 2月15日（年初八，周一），北京地铁路网客运量为806.08万，上海地铁客运量为771.1万，广州地铁客运量为533.5万， 深圳地铁路网客运量235.93万，南京地铁客运量为193.3万，武汉地铁客运量为176.84万，成都地铁客运量为120.99万。,2016-02-16 09:18:00 来自 微博 weibo.com
 #地铁客流排行榜# 2月14日（年初七），北京地铁路网客运量为659.17万，上海地铁客运量为650.2万，广州地铁客运量为499.9万， 深圳地铁路网客运量189.61万，南京地铁客运量为178.8万，武汉地铁客运量为165.8万，成都地铁客运量为102.29万。,2016-02-15 09:44:00 来自 微博 weibo.com
 #地铁客流排行榜# 2月13日（年初六），北京地铁路网客运量为434.3万，上海地铁客运量为434万，广州地铁客运量为399.2万， 深圳地铁路网客运量151.15万，南京地铁客运量为118万，武汉地铁客运量为130.65万，成都地铁客运量为80.13万。,2016-02-14 11:39:00 来自 华为Ascend Mate7
 #地铁客流排行榜# 2月12日（年初五），上海地铁客运量为462.9万，北京地铁路网客运量为437.64万，广州地铁客运量为360.1万， 深圳地铁路网客运量129.35万，南京地铁客运量为116.2万，武汉地铁客运量为116万，成都地铁客运量为71.63万。,2016-02-13 11:53:00 来自 华为Ascend Mate7
 #地铁客流排行榜# 2月11日（年初四），上海地铁客运量为405.7万，北京地铁路网客运量为395.29万，广州地铁客运量为330.1万， 深圳地铁路网客运量115.71万，南京地铁客运量为102.5万，武汉地铁客运量为96.21万，成都地铁客运量为65.67万。,2016-02-12 10:51:00 来自 华为Ascend Mate7
 #地铁客流排行榜# 2月10日（年初三），上海地铁客运量为457.2万，北京地铁路网客运量为396.57万，广州地铁客运量为320万， 深圳地铁路网客运量113.67万，南京地铁客运量为118.4万，武汉地铁客运量为87.22万，成都地铁客运量为61.1万。,2016-02-11 10:39:00 来自 华为Ascend Mate7
 #地铁客流排行榜# 2月9日（年初二），上海地铁客运量为452.4万，北京地铁路网客运量为349.08万，广州地铁客运量为321万， 深圳地铁路网客运量123.81万，南京地铁客运量为103.3万，武汉地铁客运量为82.11万，成都地铁客运量为55.3万。,2016-02-10 10:51:00 来自 华为Ascend Mate7
 #地铁客流排行榜# 2月8日（年初一），上海地铁客运量为382.8万，广州地铁客运量为319.8万， 北京地铁路网客运量为258.12万， 深圳地铁路网客运量113.12万，南京地铁客运量为77.1万，武汉地铁客运量为79.53万，成都地铁客运量为54.53万。,2016-02-09 13:25:00 来自 华为Ascend Mate7
 #地铁客流排行榜# 2月7日（除夕），上海地铁客运量为281.4万，广州地铁客运量为260.3万， 北京地铁路网客运量为181.87万， 深圳地铁路网客运量79.91万，南京地铁客运量为55.6万，武汉地铁客运量为58.19万.客流降至全年最低，翌日开始反弹。,2016-02-09 13:22:00 来自 华为Ascend Mate7
 #地铁客流排行榜# 2月6日（年廿八），上海地铁客运量为487.14万，广州地铁客运量为372.3万， 北京地铁路网客运量为371.49万， 深圳地铁路网客运量129.2万，南京地铁客运量为109.2万，武汉地铁客运量为106.49万，成都地铁客运量为66.14万。均继续大幅下降至正常值一半以下。,2016-02-07 09:37:00 来自 华为Ascend Mate7
 #地铁客流排行榜# 2月5日（年廿七），上海地铁客运量为657.1万，北京地铁路网客运量为572.87万，广州地铁客运量为464.4万，深圳地铁路网客运量173.3万，南京地铁客运量为154.9万，武汉地铁客运量为142.58万，成都地铁客运量为95.87万。,2016-02-06 09:14:00 来自 微博 weibo.com
 #地铁客流排行榜# 更新12月31日（周四），北京地铁线网客运量为1193.69万，上海地铁客运量为1083.3万，广州地铁客运量为879.1万，深圳地铁线网客运量407.65万，南京地铁客运量为298.1万，武汉地铁客运量约为248.37万，成都地铁客运量为157.74万，均创出历史新高。,2016-01-04 10:19:00 来自 微博 weibo.com
 #地铁客流排行榜# 1月3日（周日），北京地铁客运量675.2万，广州地铁客运量为636.2万，上海地铁客运量为627.3万，深圳地铁线网客运量为233.42万，南京地铁客运量为209.6万，武汉地铁客运量为192.9万，成都地铁客运量为110.87万。,2016-01-04 10:16:00 来自 微博 weibo.com
 #地铁客流排行榜# 1月2日（周六），上海地铁客运量为710万，广州地铁客运量为705.7万，北京地铁客运量673.11万，深圳地铁线网客运量为309.12万，南京地铁客运量为220.7万，武汉地铁客运量为190.11万，成都地铁客运量为109.19万。,2016-01-03 13:02:00 来自 华为Ascend Mate7
 #地铁客流排行榜# 1月1日（元旦），广州地铁客运量为833.7万，上海地铁客运量为761.1万，北京地铁线网客运量为734.13万，深圳地铁线网客运量为365.9万，南京地铁客运量为254.2万，武汉地铁客运量为221.28万，成都地铁客运量为127.78万。,2016-01-02 11:11:00 来自 华为Ascend Mate7
 #地铁客流排行榜# 12月31日（周四），北京地铁线网客运量为1193.69万，上海地铁客运量为1083.3万，广州地铁客运量为879.1万，深圳地铁线网客运量超过362.17万（不完全统计），南京地铁客运量为298.1万，武汉地铁客运量约为248.37万，成都地铁客运量为157.74万，除北深个别城市外几乎均创出历史新高。,2016-01-01 13:27:00 来自 华为Ascend Mate7
 #地铁客流排行榜# 12月25日（周五），北京地铁线网客运量为1143.34万，上海地铁客运量为1054.7万，广州地铁客运量为785.4万，深圳地铁线网客运量为336万，南京地铁客运量为273.4万，武汉地铁客运量约190万。其中上海地铁客流量创出历史新高。,2015-12-26 10:50:00 来自 华为Ascend Mate7
 #地铁客流排行榜# 12月24日（周四），北京地铁线网客运量为1147.47万，上海地铁客运量为981万，广州地铁客运量为697万，深圳地铁线网客运量为338.9万，南京地铁客运量为232.5万，武汉地铁客运量约185万，成都地铁客运量105.7万。,2015-12-26 00:03:00 来自 华为Ascend Mate7
 #地铁客流排行榜# 12月20日（周日），北京地铁线网客运量为717万，广州地铁客运量为664.5万，上海地铁客运量为608.6万，深圳地铁线网客运量为285.4万，南京地铁客运量为191.8万，武汉地铁客运量约140万，成都地铁客运量85万。,2015-12-21 11:37:00 来自 微博 weibo.com
 #地铁客流排行榜# 12月19日（周六），上海地铁客运量为769万，北京地铁线网客运量为764万，广州地铁客运量为697万，深圳地铁线网客运量为318万，南京地铁客运量为213万，武汉地铁客运量约157万。,2015-12-20 20:50:00 来自 华为Ascend Mate7
 #地铁客流排行榜# 12月18日（周五），北京地铁线网客运量为1155万，上海地铁客运量为1020万，广州地铁客运量为734万，深圳地铁线网客运量为354万，南京地铁客运量为242万，武汉地铁客运量约167万，成都地铁客运量110万。,2015-12-19 15:17:00 来自 华为Ascend Mate7
 #地铁客流排行榜# 11月27日（周五），北京地铁线网客运量为1180万，上海地铁客运量为1020万，广州地铁客运量为770万，深圳地铁线网客运量为354万，南京地铁客运量为252万，武汉地铁客运量约173万，成都地铁客运量113万。,2015-11-28 09:34:00 来自 华为Ascend Mate7
 #地铁客流排行榜# 10月30日（周五），北京地铁线网客运量为1173.04万，上海地铁客运量为1008.3万，广州地铁客运量为751万，深圳地铁线网客运量为362.4万，南京地铁客运量为259.3万，武汉地铁客运量约166万，成都地铁客运量112.7万。,2015-10-31 09:51:00 来自 华为Ascend Mate7
 #地铁客流排行榜# 10月3日，北京地铁线网客运量为755.2万，上海地铁客运量为694.9万，广州地铁客运量为632.9万，深圳地铁线网客运量为279.4万，南京地铁客运量为221.8万，武汉地铁客运量约153万，成都地铁客运量95.4万。,2015-10-04 12:03:00 来自 华为Ascend Mate7
 #地铁客流排行榜# 10月2日，北京地铁线网客运量为787.3万，上海地铁客运量为733万，广州地铁客运量为687.6万，深圳地铁线网客运量为314.23万，南京地铁客运量为229.6万，武汉地铁客运量约158万，成都地铁客运量101.67万。,2015-10-04 12:01:00 来自 华为Ascend Mate7
 #地铁客流排行榜# 10月1日（周四），北京地铁线网客运量为776万，广州地铁客运量为718.2万，上海地铁客运量605.2万，深圳地铁线网客运量为314.4万，南京地铁客运量为224.5万，武汉地铁客运量约176万，成都地铁客运量109.8万。,2015-10-02 11:22:00 来自 华为Ascend Mate7
 #地铁客流排行榜# 9月30日（周三），北京地铁线网客运量为1050.77万，上海地铁客运量为923.3万，广州地铁客运量为762.3万，深圳地铁线网客运量为344.7万，南京地铁客运量为258.7万，武汉地铁客运量约195万，成都地铁客运量123.38万。,2015-10-01 09:33:00 来自 华为Ascend Mate7
 #地铁客流排行榜# 9月25日（周五），北京地铁线网客运量为1190.2万，上海地铁客运量为1034.6万，广州地铁客运量为791.7万，深圳地铁线网客运量为361万，南京地铁客运量为245.5万，武汉地铁客运量约176万，成都地铁客运量117.87万。其中上海地铁客流创出新高，超去年12月31的最高记录1028万约6万。,2015-09-26 10:16:00 来自 华为Ascend Mate7
 #地铁客流排行榜# 7月17日（周五），北京地铁线网客运量为1095.2万，上海地铁客运量为997.4万，广州地铁客运量为763万，深圳地铁线网客运量为360万，南京地铁客运量为223万，武汉地铁客运量约161万，成都地铁客运量106.25万。,2015-07-18 11:42:00 来自 华为Ascend Mate7
 #地铁客流排行榜# 7月15日（周三），北京地铁线网客运量为1130.4万，上海地铁客运量为976.6万，广州地铁客运量为736.3万，深圳地铁线网客运量为340.8万，南京地铁客运量为218.4万，武汉地铁客运量约137万，成都地铁客运量105.23万。,2015-07-16 11:42:00 来自 微博 weibo.com
 #地铁客流排行榜# 7月13日（周一），北京地铁线网客运量为1104.44万，上海地铁客运量为982万，广州地铁客运量为736.3万，深圳地铁线网客运量为348.13万，南京地铁客运量为229.9万，武汉地铁客运量约154万，成都地铁客运量103.17万。,2015-07-14 18:03:00 来自 微博 weibo.com
 #地铁客流排行榜# 7月12日（周日），北京地铁线网客运量为756.86万，广州地铁客运量为681.7万，上海地铁客运量为602.4万，深圳地铁线网客运量为317万，南京地铁客运量为184.5万，武汉地铁客运量约140万，成都地铁客运量82.35万。,2015-07-13 09:48:00 来自 微博 weibo.com
 #地铁客流排行榜# 7月11日（周六），北京地铁线网客运量为826.25万，上海地铁客运量为370万，广州地铁客运量为704.6万，深圳地铁线网客运量为322.37万，南京地铁客运量为186.6万，武汉地铁客运量约150万，成都地铁客运量86.24万。,2015-07-12 16:45:00 来自 华为Ascend Mate7
 #地铁客流排行榜# 7月10日（周五），北京地铁线网客运量为1162.7万，上海地铁客运量为991万，广州地铁客运量为763.5万，深圳地铁线网客运量为353.91万，南京地铁客运量为247.4万，武汉地铁客运量约168万，成都地铁客运量107.39万。,2015-07-11 10:50:00 来自 华为Ascend Mate7
 #地铁客流排行榜# 7月3日（周五），北京地铁线网客运量为1020.2万，上海地铁客运量为978.2万，广州地铁客运量为731.5万，深圳地铁线网客运量为343.77万，南京地铁客运量为238.8万，武汉地铁客运量约167万，成都地铁客运量99.81万。,2015-07-04 13:47:00 来自 华为Ascend Mate7
 #地铁客流排行榜# 6月19日（周五，端午小长假前最后一天），北京地铁线网客运量为1137.69万，上海地铁客运量为1028.2万，广州地铁客运量为794.2万，深圳地铁线网客运量为373.63万，南京地铁客运量为263.7万，武汉地铁客运量约194万，成都地铁客运量111.13万。跟4月30日比，其中深略多，其余城市略少。,2015-06-20 11:19:00 来自 华为Ascend Mate7
 #地铁客流排行榜# 5月2日（周六），北京地铁线网客运量为846.08万，广州地铁客运量为749.7万，上海地铁客运量671.5万，深圳地铁线网客运量为351.25万，南京地铁客运量为195.2万，武汉地铁客运量约179万，成都地铁客运量97.5万.,2015-05-03 13:41:00 来自 华为Ascend Mate7
 #地铁客流排行榜# 5月1日（周五），上海地铁客运量为868.9万，广州地铁客运量为854.3万，北京地铁线网客运量827.5万，深圳地铁线网客运量为391.59万，南京地铁客运量为273.2万，武汉地铁客运量约176万，成都地铁客运量111.6万.,2015-05-02 10:40:00 来自 华为Ascend Mate7
 #地铁客流排行榜# 4月30日（周四），北京地铁线网客运量为1210.54万，上海地铁客运量为1028.7万，广州地铁客运量为810万，深圳地铁线网客运量为370.2万，南京地铁客运量为270万，武汉地铁客运量约206万，西安地铁客运量约125.5万，成都地铁客运量118.8万，其中北京、上海地铁客运量创历史新高。,2015-05-01 18:07:00 来自 华为Ascend Mate7
 #地铁客流排行榜# 4月30日（周四），北京地铁线网客运量为……万，上海地铁客运量为1028.7万，广州地铁客运量为810万，深圳地铁线网客运量为370.2万，南京地铁客运量为270万，武汉地铁客运量约206万，西安地铁客运量约125.5万，成都地铁客运量118.8万，其中上海地铁客运量超去年12.31客流，创历史新高。,2015-05-01 12:35:00 来自 华为Ascend Mate7
 #地铁客流排行榜# 4月5日（周日），北京地铁线网客运量为785.66万人次，广州地铁线网客运量667万人次，上海地铁客运量为648.4万人次，深圳地铁线网客运量为330万人次，南京地铁客运量为183.4万人次，武汉地铁客运量约124万人次（出行量99.21），成都地铁客运量91.33万人次。,2015-04-06 12:16:00 来自 华为Ascend Mate7
 #地铁客流排行榜# 4月4日（周六），北京地铁线网客运量为853.58万人次，上海地铁客运量为717.1万人次，广州地铁客运量为687.5万人次，深圳地铁线网客运量为320万人次，南京地铁客运量为226.5万人次，武汉地铁客运量约160万人次（出行量124.79），成都地铁客运量99.7万人次。,2015-04-05 18:03:00 来自 华为Ascend Mate7
 #地铁客流排行榜# 4月3日（周五），北京地铁线网客运量为1153.29万人次，上海地铁客运量为992.8万人次，广州地铁客运量为756.1万人次，深圳地铁线网客运量为344.3万人次，南京地铁客运量为251.7万人次，武汉地铁客运量149.24万人次，成都地铁客运量112万人次。,2015-04-04 10:40:00 来自 华为Ascend Mate7
 #地铁客流排行榜#  4月2日(周四)，北京地铁线网客运量约为1016万人次，上海地铁客运量为937.1万人次，广州地铁客运量为653.5万人次，深圳地铁线网客运量为307万人次，南京地铁客运量为194.4万人次。武汉地铁115.2万人次，成都地铁89.7万人次。,2015-04-03 12:39:00 来自 
 #地铁客流排行榜# 2月26日(周四，年初八)，北京地铁线网客运量为725.3万人次，上海地铁客运量为694.3万人次，广州地铁客运量为507.3万人次，深圳地铁线网客运量为213.3万人次，南京地铁客运量为128.3万人次。武汉地铁104.44万人次，成都地铁82.92万人次。均低于但正在逐步恢复正常工作日客流水平。,2015-02-27 11:56:00 来自 华为Ascend Mate7
 #地铁客流排行榜# 2月18日(除夕)，上海地铁客运量为274.8万人次，广州地铁客运量为250.4万人次，北京地铁线网客运量176.7万人次，深圳地铁线网客运量为82万人次，武汉地铁38.46万人次，南京地铁客运量37.9万人次，成都地铁24.59万人次。全都上演空城计，预计均创本年度客流最底点，初一开始触底反弹！,2015-02-19 09:57:00 来自 华为Ascend Mate7
 #地铁客流排行榜# 2月17日(廿二十九)，上海地铁客运量为488.5万人次，北京地铁线网客运量378.27万人次，广州地铁客运量为366.8万人次，深圳地铁线网客运量为130.5万人次，南京地铁客运量为78.4万人次。武汉地铁71万人次，成都地铁49.16万人次。全都上演空城计！,2015-02-18 10:40:00 来自 华为Ascend Mate7
 #地铁客流排行榜# 1月22日(周四)，北京地铁线网客运量为943.73万人次，上海地铁客运量为862.4万人次，广州地铁客运量为632.7万人次，深圳地铁线网客运量为291万人次，南京地铁客运量为146.3万人次。武汉地铁113.65万人次，成都地铁85.63万人次。,2015-01-23 10:02:00 来自 微博 weibo.com
 #地铁客流排行榜# 1月20日(周二)，北京地铁线网客运量为940.16万人次，上海地铁客运量为868.6万人次，广州地铁客运量为633.8万人次，深圳地铁线网客运量为292.37万人次，南京地铁客运量为146.5万人次。武汉地铁114.57万人次，成都地铁88.44万人次。,2015-01-21 17:12:00 来自 微博 weibo.com
 #地铁客流排行榜# 1月19日(周一)，北京地铁线网客运量为947.1万人次，上海地铁客运量为868.5万人次，广州地铁客运量为639.9万人次，深圳地铁线网客运量为296.27万人次，南京地铁客运量为146.4万人次。武汉地铁115.91万人次，成都地铁88.75万人次。,2015-01-20 09:25:00 来自 微博 weibo.com
 #地铁客流排行榜# 1月18日(周曰)，广州地铁客运量为605.6万人次，北京地铁线网客运量为604.5万人次，上海地铁客运量为593万人次，深圳地铁线网客运量为290.1万人次，南京地铁客运量为122.9万人次。武汉地铁109.2万人次，成都地铁76.33万人次。,2015-01-19 21:25:00 来自 荣耀3X
 #地铁客流排行榜# 1月17日(周六)，北京地铁线网客运量为651.9万人次，上海地铁客运量为647.1万人次，广州地铁客运量为620.9万人次，深圳地铁线网客运量为289.5万人次，南京地铁客运量为136.6万人次。武汉地铁116.32万人次，成都地铁78.3万人次。,2015-01-19 21:21:00 来自 荣耀3X
 #地铁客流排行榜# 1月16日(周)，北京地铁线网客运量为982.3万人次，上海地铁客运量为907.9万人次，广州地铁客运量为685.1万人次，深圳地铁线网客运量为307万人次，南京地铁客运量为160.4万人次。武汉地铁124.25万人次，成都地铁97.4万人次。,2015-01-17 14:14:00 来自 荣耀3X
 #地铁客流排行榜# 1月15日(周四)，北京地铁线网客运量为908.68万人次，上海地铁客运量为855.9万人次，广州地铁客运量为635.6万人次，深圳地铁线网客运量为292万人次，南京地铁客运量为145.9万人次。武汉地铁115.67万人次，成都地铁87.92万人次。,2015-01-16 18:26:00 来自 荣耀3X
北京上海的地铁大概是因为线网太多了，区域性重大赛事活动延长运营加开列车通常只在本线进行，没考虑全网的换乘问题，深圳现行向做法是全网同步延长，以便同步换乘，以后线网多了也可以取北上的做法，以便减少运力浪费，在方便换乘与减少浪费之间找一个平衡点。,2015-01-16 18:10:00 来自 荣耀3X
 #地铁客流排行榜# 1月14日(周三)，北京地铁线网客运量为914万人次，上海地铁客运量为803万人次，广州地铁客运量为622.6万人次，深圳地铁线网客运量为290万人次，南京地铁客运量为141万人次。武汉地铁113万人次，成都地铁87万人次。,2015-01-15 10:14:00 来自 荣耀3X
 #地铁客流排行榜# 1月13日(周二)，北京地铁线网客运量为932.04万人次，上海地铁客运量为846.6万人次，广州地铁客运量为593.4万人次，深圳地铁线网客运量为268.75万人次，南京地铁客运量为137.7万人次。武汉地铁112.91万人次，成都地铁86.31万人次。,2015-01-14 14:52:00 来自 荣耀3X
 #地铁客流排行榜# 1月12日(周一)，北京地铁线网客运量为943.27万人次，上海地铁客运量为856.4万人次，广州地铁客运量为562.3万人次，深圳地铁线网客运量为271.88万人次，南京地铁客运量为145.7万人次。武汉地铁114.09万人次，成都地铁87.05万人次。,2015-01-13 12:37:00 来自 微博 weibo.com
 #地铁客流排行榜# 1月11日(周日)，北京地铁线网客运量为605.24万人次，上海地铁客运量为587万人次，广州地铁客运量为585.7万人次，深圳地铁线网客运量为272万人次，南京地铁客运量为126.2万人次。武汉地铁109.67万人次，成都地铁74.49万人次。,2015-01-12 16:17:00 来自 微博 weibo.com
 #地铁客流排行榜# 1月10日(周六)，北京地铁线网客运量为646.44万人次，上海地铁客运量为643.8万人次，广州地铁客运量为628.9万人次，深圳地铁线网客运量为281万人次，南京地铁客运量为142.1万人次。武汉地铁119.31万人次，成都地铁77.26万人次。,2015-01-11 11:52:00 来自 荣耀3X
 #地铁客流排行榜# 1月2日，广州地铁客运量为679.5万人次，上海地铁客运量644.1万人次，北京地铁线网客运量629.19万人次，深圳地铁线网客运量为304.5万人次。第2梯队有南京地铁147.1万人次，武汉地铁126.1万人次，成都地铁85.24万人次。,2015-01-03 10:35:00 来自 荣耀3X
更正 #地铁客流排行榜# 1月1日，广州地铁客运量为826.5万人次，上海地铁客运量685.5万人次，北京地铁线网客运量678.49万人次，深圳地铁线网客运量为366.5万人次。第2梯队有南京地铁169.6万人次，武汉地铁149.53万人次，成都地铁101.96万人次。,2015-01-03 10:32:00 来自 荣耀3X
 #地铁客流排行榜# 1月1日，广州地铁客运量为826.5万人次，上海地铁客运量685.5万人次，北京地铁线网客运量547.29万人次，深圳地铁线网客运量为366.5万人次。第2梯队有南京地铁169.6万人次，武汉地铁149.53万人次，成都地铁101.96万人次。,2015-01-02 11:51:00 来自 荣耀3X
 #地铁客流排行榜# 1月1日，广州地铁客运量为826.5万人次，上海地铁客运量685.5万人次，北京地铁线网客运量547.29万人次，深圳地铁线网客运量为366.5万人次。,2015-01-02 11:47:00 来自 荣耀3X
 #地铁客流排行榜# 12月31日（周三），北京地铁线网客运量为1032.8万人次，上海地铁客运量为1028.6万人次，广州地铁客运量为861.3万人次，深圳地铁线网客运量为394.9万人次，重庆地铁客运量230万人次，南京地铁客运量为199万人次。,2015-01-01 10:57:00 来自 微博 weibo.com
 #地铁客流排行榜# 12月5日（周五），北京地铁线网客运量为1082.36万人次，上海地铁客运量为922.8万人次，广州地铁客运量为701.9万人次，深圳地铁线网客运量为314.5万人次，南京地铁客运量为164万人次。   2 大发埔西六巷 ,2014-12-06 12:16:00 来自 荣耀3X
12月5日（周五），北京地铁线网客流1082.76万人次(全球第一)，上海922.8万人次，广州701.9万人次，深圳线网314.5万人次。   2 阳光路 ,2014-12-06 12:14:00 来自 荣耀3X
 #地铁客流排行榜# 9月16日（周二），北京地铁线网客运量为1057.94万人次，上海地铁客运量为855.5万人次，广州地铁客运量为579.3万人次，深圳地铁线网客运量为246.32万人次，南京地铁客运量为140.4万人次。,2014-09-17 17:38:00 来自 微博 weibo.com
 #地铁客流排行榜# 9月15日（周一），北京地铁线网客运量为1054.26万人次，上海地铁客运量为859.4万人次，广州地铁客运量为635.7万人次，深圳地铁线网客运量为277.87万人次，南京地铁客运量为140.8万人次。,2014-09-16 09:26:00 来自 微博 weibo.com
 #地铁客流排行榜# 9月14日（周日），北京地铁线网客运量为771.98万人次，上海地铁客运量为641.4万人次，广州地铁客运量为610.5万人次，深圳地铁线网客运量为251.05万人次，南京地铁客运量为137.6万人次。,2014-09-15 10:34:00 来自 微博 weibo.com
 #地铁客流排行榜# 9月13日（周六），北京地铁线网客运量为828.65万人次，上海地铁客运量为638.8万人次，广州地铁客运量为638.4万人次，深圳地铁线网客运量为263.32万人次，南京地铁客运量为149万人次。,2014-09-15 10:33:00 来自 微博 weibo.com
 #地铁客流排行榜# 9月12日（周五），北京地铁线网客运量为1082.49万人次，上海地铁客运量为887.2万人次，广州地铁客运量为678.4万人次，深圳地铁线网客运量为301.78万人次，南京地铁客运量为154.2万人次。,2014-09-15 10:32:00 来自 微博 weibo.com
 #地铁客流排行榜# 9月11日（周四），北京地铁线网客运量为1027.7万人次，上海地铁客运量为850.4万人次，广州地铁客运量为630.7万人次，深圳地铁线网客运量为286.33万人次，南京地铁客运量为140.1万人次。,2014-09-12 11:22:00 来自 微博 weibo.com
 #地铁客流排行榜# 9月10日（周三），北京地铁线网客运量为1037.14万人次，上海地铁客运量为843.2万人次，广州地铁客运量为637.1万人次，深圳地铁线网客运量为283.66万人次，南京地铁客运量为140.4万人次。,2014-09-11 09:56:00 来自 微博 weibo.com
 #地铁客流排行榜# 9月9日（周二），北京地铁线网客运量为1050.33万人次，上海地铁客运量为849.6万人次，广州地铁客运量为676.4万人次，深圳地铁线网客运量为298万人次，南京地铁客运量为147.6万人次。,2014-09-10 11:22:00 来自 微博 weibo.com
 #地铁客流排行榜# 9月8日（周一，放假），北京地铁线网客运量为807.51万人次，广州地铁客运量为657.2万人次，上海地铁客运量为638.1万人次，深圳地铁线网客运量为295.47万人次，南京地铁客运量为133.2万人次。,2014-09-09 09:34:00 来自 微博 weibo.com
 #地铁客流排行榜# 9月7日（周日），北京地铁线网客运量为776.38万人次，上海地铁客运量为677.3万人次，广州地铁客运量为670.6万人次，深圳地铁线网客运量为314.78万人次，南京地铁客运量为141.69万人次。,2014-09-09 09:32:00 来自 微博 weibo.com
 #地铁客流排行榜# 9月6日（周l六），北京地铁线网客运量为835.71万人次，上海地铁客运量为687.74万人次，广州地铁客运量为672.6万人次，深圳地铁线网客运量为279.37万人次，南京地铁客运量为155.24万人次。,2014-09-09 09:31:00 来自 微博 weibo.com
 #地铁客流排行榜# 9月5日（周五），北京地铁线网客运量为1167.23万人次，上海地铁客运量为922.4万人次，广州地铁客运量为709.6万人次，深圳地铁线网客运量为321.59万人次，南京地铁客运量为164.77万人次。,2014-09-09 09:30:00 来自 微博 weibo.com
 #地铁客流排行榜# 8月18日（周一），北京地铁线网客运量为1116.4万人次，上海地铁客运量为859.2万人次，广州地铁客运量为697.1万人次，深圳地铁线网客运量为304.56万人次，南京地铁客运量为148.3万人次。,2014-08-19 09:21:00 来自 微博 weibo.com
 #地铁客流排行榜# 8月12日（周二），北京地铁线网客运量为1106.93万人次，上海地铁客运量为860.5万人次，广州地铁客运量为640.4万人次，深圳地铁线网客运量为302.6万人次，南京地铁客运量为149.1万人次。,2014-08-13 10:47:00 来自 微博 weibo.com
 #地铁客流排行榜# 8月11日（周一），北京地铁线网客运量为1100.92万人次，上海地铁客运量为871.4万人次，广州地铁客运量为657.9万人次，深圳地铁线网客运量为308.91万人次，南京地铁客运量为144.9万人次。,2014-08-12 09:24:00 来自 微博 weibo.com
 #地铁客流排行榜# 8月10日（周日），北京地铁线网客运量为815.75万人次，上海地铁客运量为632.49万人次，广州地铁客运量为608.1万人次，深圳地铁线网客运量为303.79万人次，南京地铁客运量为123.4万人次。,2014-08-11 12:40:00 来自 微博 weibo.com
地铁客流排行榜#8月7日（周四），北京地铁线网客运量为1089万人次，上海地铁客运量为845万人次，广州地铁客运量为624.4万人次，深圳地铁线网客运量为298.8万人次，南京地铁客运量为133.8万人次。,2014-08-08 11:06:00 来自 微博 weibo.com
 #地铁客流排行榜# 8月6日（周三），北京地铁线网客运量为1103.47万人次，上海地铁客运量为847.8万人次，广州地铁客运量为631.6万人次，深圳地铁线网客运量为303.27万人次，南京地铁客运量为130.6万人次。,2014-08-07 12:38:00 来自 微博 weibo.com
 #地铁客流排行榜# 8月5日（周二），北京地铁线网客运量为1103.86万人次，上海地铁客运量为851.2万人次，广州地铁客运量为644万人次，深圳地铁线网客运量为306.23万人次，南京地铁客运量为134.8万人次。,2014-08-06 12:42:00 来自 微博 weibo.com
 #地铁客流排行榜# 8月4日（周一），北京地铁线网客运量为1053万人次，上海地铁客运量为855.8万人次，广州地铁客运量为648.4万人次，深圳地铁线网客运量为311万人次，南京地铁客运量为140.1万人次。,2014-08-05 10:15:00 来自 微博 weibo.com
 #地铁客流排行榜# 8月3日（周日），北京地铁线网客运量为798.62万人次，上海地铁客运量为649.8万人次，广州地铁客运量为630.6万人次，深圳地铁线网客运量为316万人次，南京地铁客运量为122.8万人次。,2014-08-05 10:14:00 来自 微博 weibo.com
 #地铁客流排行榜# 7月31日（周四），北京地铁线网客运量为1092.87万人次，上海地铁客运量为871.5万人次，广州地铁客运量为652.6万人次，深圳地铁线网客运量为304.37人次，南京地铁客运量为134.9万人次。,2014-08-01 12:43:00 来自 微博 weibo.com
 #地铁客流排行榜# 7月29日（周二），北京地铁线网客运量为1101万人次，上海地铁客运量为871万人次，广州地铁客运量为651万人次，深圳地铁线网客运量为308人次，南京地铁客运量为140万人次。,2014-07-30 09:19:00 来自 微博 weibo.com
 #地铁客流排行榜# 7月28日（周一），北京地铁线网客运量为1095.2万人次，上海地铁客运量为866.2万人次，广州地铁客运量为665.7万人次，深圳地铁线网客运量为315.87人次，南京地铁客运量为144万人次。,2014-07-29 10:09:00 来自 微博 weibo.com
 #地铁客流排行榜# 7月24日（周四），北京地铁线网客运量为1096万人次，上海地铁客运量为854.5万人次，广州地铁客运量为644.9万人次，深圳地铁线网客运量为306人次，南京地铁客运量为136万人次。,2014-07-25 11:39:00 来自 微博 weibo.com
 #地铁客流排行榜# 7月23日（周三），北京地铁线网客运量为1115.77万人次，上海地铁客运量为861.6万人次，广州地铁客运量为659.3万人次，深圳地铁线网客运量为313.19人次，南京地铁客运量为135.3万人次。,2014-07-24 10:05:00 来自 微博 weibo.com
 #地铁客流排行榜# 7月16日（周三），北京地铁线网客运量为1146.63万人次，上海地铁客运量为900.5万人次，广州地铁客运量为692.4万人次，深圳地铁线网客运量为325.52人次，南京地铁客运量为147.7万人次。,2014-07-17 10:16:00 来自 微博 weibo.com
 #地铁客流排行榜# 6月19日（周四），北京地铁线网客运量为1030.15万人次，上海地铁客运量为839.4万人次，广州地铁客运量为615.8万人次，深圳地铁线网客运量为281.63人次，南京地铁客运量为132万人次。,2014-06-20 11:39:00 来自 微博 weibo.com
 #地铁客流排行榜# 6月18日（周三），北京地铁线网客运量为1036.53万人次，上海地铁客运量为843.6万人次，广州地铁客运量为616万人次，深圳地铁线网客运量为288.62人次，南京地铁客运量为133.6万人次。,2014-06-19 14:04:00 来自 微博 weibo.com
 #地铁客流排行榜# 6月17日（周二），北京地铁线网客运量为1026.22万人次，上海地铁客运量为808.9万人次，广州地铁客运量为599.2万人次，深圳地铁线网客运量为282.8人次，南京地铁客运量为130.3万人次。,2014-06-18 11:36:00 来自 微博 weibo.com
 #地铁客流排行榜# 6月16日（周一），北京地铁线网客运量为1023.64万人次，上海地铁客运量为821.8万人次，广州地铁客运量为634.7万人次，深圳地铁线网客运量为290.55人次，南京地铁客运量为128.8万人次。,2014-06-17 17:40:00 来自 微博 weibo.com
 #地铁客流排行榜# 6月15日（周日），北京地铁线网客运量为734.19万人次，广州地铁客运量为611.3万人次，上海地铁客运量为601.6万人次，深圳地铁线网客运量为275人次，南京地铁客运量为113.1万人次。,2014-06-16 09:53:00 来自 微博 weibo.com
 #地铁客流排行榜# 6月14日（周六），北京地铁线网客运量为791.43万人次，上海地铁客运量为654万人次，广州地铁客运量为630.3万人次，深圳地铁线网客运量为271.18万人次，南京地铁客运量为120.9万人次。,2014-06-16 09:50:00 来自 微博 weibo.com
 #地铁客流排行榜# 6月13日（周五），北京地铁线网客运量为1052.1万人次，上海地铁客运量为864.1万人次，广州地铁客运量为660.8万人次，深圳地铁线网客运量为302.93万人次，南京地铁客运量为138.3万人次。,2014-06-14 10:48:00 来自 微博 weibo.com
 #地铁客流排行榜# 6月12日（周四），北京地铁线网客运量为1023.39万人次，上海地铁客运量为829.8万人次，广州地铁客运量为620.1万人次，深圳地铁线网客运量为279.9万人次，南京地铁客运量为126.4万人次。,2014-06-13 09:45:00 来自 微博 weibo.com
 #地铁客流排行榜# 6月11日（周三），北京地铁线网客运量为1033.85万人次，上海地铁客运量为826.2万人次，广州地铁客运量为582.8万人次，深圳地铁线网客运量为282.32万人次，南京地铁客运量为126.5万人次。,2014-06-12 09:42:00 来自 微博 weibo.com
 #地铁客流排行榜# 6月10日（周二），北京地铁线网客运量为1020.93万人次，上海地铁客运量为824.9万人次，广州地铁客运量为611.8万人次，深圳地铁线网客运量为282.21万人次，南京地铁客运量为126.5万人次。,2014-06-11 09:41:00 来自 微博 weibo.com
 #地铁客流排行榜# 6月9日（周一），北京地铁线网客运量为1031.45万人次，上海地铁客运量为816万人次，广州地铁客运量为620.5万人次，深圳地铁线网客运量为285.48万人次，南京地铁客运量为125.2万人次。,2014-06-10 11:18:00 来自 微博 weibo.com
 #地铁客流排行榜# 6月8日（周日），北京地铁线网客运量为700.62万人次，上海地铁客运量为588.1万人次，广州地铁客运量为571.7万人次，深圳地铁线网客运量为258.52万人次，南京地铁客运量为109万人次。,2014-06-09 09:58:00 来自 微博 weibo.com
 #地铁客流排行榜# 6月7日（周六），北京地铁线网客运量为792.5万人次，上海地铁客运量为646.4万人次，广州地铁客运量为579.9万人次，深圳地铁线网客运量为256.45万人次，南京地铁客运量为123.6万人次。,2014-06-09 09:57:00 来自 微博 weibo.com
 #地铁客流排行榜# 6月6日（周五），北京地铁线网客运量为993.28万人次，上海地铁客运量为866.9万人次，广州地铁客运量为621.7万人次，深圳地铁线网客运量为287.41万人次，南京地铁客运量为137.8万人次。,2014-06-09 09:56:00 来自 微博 weibo.com
 #地铁客流排行榜# 6月5日（周四），北京地铁线网客运量为1012.46万人次，上海地铁客运量为822万人次，广州地铁客运量为590万人次，深圳地铁线网客运量为272.32万人次，南京地铁客运量为127万人次。,2014-06-09 09:55:00 来自 微博 weibo.com
 #地铁客流排行榜# 6月4日（周三），北京地铁线网客运量为1002.44万人次，上海地铁客运量为812.6万人次，广州地铁客运量为593.2万人次，深圳地铁线网客运量为278.45万人次。,2014-06-05 09:48:00 来自 微博 weibo.com
 #地铁客流排行榜# 6月3日（周二），北京地铁线网客运量为1020.92万人次，上海地铁客运量为816.7万人次，广州地铁客运量为603.8万人次，深圳地铁线网客运量为285.86万人次，南京地铁客运量为131.1万人次。,2014-06-05 09:47:00 来自 微博 weibo.com
 #地铁客流排行榜# 6月2日（周一，放假），北京地铁线网客运量为778.27万人次，广州地铁客运量为669.7万人次，上海地铁客运量为621.7万人次，深圳地铁线网客运量为314.2万人次，南京地铁客运量为119.2万人次。,2014-06-03 09:52:00 来自 微博 weibo.com
 #地铁客流排行榜# 6月1日（周日），北京地铁线网客运量为760万人次，广州地铁客运量为675.9万人次，上海地铁客运量为529.2万人次，深圳地铁线网客运量为335.7万人次，南京地铁客运量为90万人次。,2014-06-03 09:50:00 来自 微博 weibo.com
 #地铁客流排行榜# 5月31日（周六），北京地铁线网客运量为795.29万人次，上海地铁客运量为679.3万人次，广州地铁客运量为642.7万人次，深圳地铁线网客运量为286.83万人次，南京地铁客运量为119.1万人次。,2014-06-03 09:49:00 来自 微博 weibo.com
 #地铁客流排行榜# 5月30日（周五），北京地铁线网客运量为1103.26万人次，上海地铁客运量为898万人次，广州地铁客运量为692.7万人次，深圳地铁线网客运量为314.28万人次，南京地铁客运量为154万人次。,2014-06-03 09:48:00 来自 微博 weibo.com
 #地铁客流排行榜# 5月29日（周四），北京地铁线网客运量为1033.87万人次，上海地铁客运量为834.6万人次，广州地铁客运量为609.8万人次，深圳地铁线网客运量为282.16万人次，南京地铁客运量为130.6万人次。,2014-05-30 12:51:00 来自 微博 weibo.com
 #地铁客流排行榜# 5月28日（周三），北京地铁线网客运量为1038.27万人次，上海地铁客运量为833.1万人次，广州地铁客运量为6604.3万人次，深圳地铁线网客运量为280.13万人次，南京地铁客运量为130.8万人次。,2014-05-29 14:27:00 来自 微博 weibo.com
 #地铁客流排行榜# 5月27日（周二），北京地铁线网客运量为1033.38万人次，上海地铁客运量为825.5万人次，广州地铁客运量为620.7万人次，深圳地铁线网客运量为278.78万人次，南京地铁客运量为129.3万人次。,2014-05-28 10:52:00 来自 微博 weibo.com
 #地铁客流排行榜# 5月26日（周一），北京地铁线网客运量为1049万人次，上海地铁客运量为825万人次，广州地铁客运量为614.2万人次，深圳地铁线网客运量为283.7万人次，南京地铁客运量为130.6万人次。,2014-05-27 09:53:00 来自 微博 weibo.com
 #地铁客流排行榜# 5月25日（周日），北京地铁线网客运量为793.04万人次，上海地铁客运量为581.7万人次，广州地铁客运量为613.6万人次，深圳地铁线网客运量为274.46万人次，南京地铁客运量为120.5万人次。,2014-05-26 10:39:00 来自 微博 weibo.com
 #地铁客流排行榜# 5月21日（周三），北京地铁线网客运量为1048.45万人次，上海地铁客运量为775.3万人次，广州地铁客运量为584.9万人次，深圳地铁线网客运量为281.05万人次，南京地铁客运量为131.4万人次。,2014-05-22 15:22:00 来自 微博 weibo.com
 #地铁客流排行榜# 5月20日（周二），北京地铁线网客运量为1063.67万人次，上海地铁客运量为878.7万人次，广州地铁客运量为610.1万人次，深圳地铁线网客运量为272.06万人次，南京地铁客运量为135.2万人次。,2014-05-21 09:50:00 来自 微博 weibo.com
 #地铁客流排行榜# 5月19日（周一），北京地铁线网客运量为1048.01万人次，上海地铁客运量为831万人次，广州地铁客运量为598.1万人次，深圳地铁线网客运量为283.52万人次，南京地铁客运量为132万人次。,2014-05-20 10:13:00 来自 微博 weibo.com
地铁客流排行榜#5月18日（周日），北京地铁线网客运量为814.55万人次，上海地铁客运量为610.3万人次，广州地铁客运量为589.4万人次，深圳地铁线网客运量为271.54万人次，南京地铁客运量为129.7万人次。,2014-05-19 10:09:00 来自 微博 weibo.com
地铁客流排行榜#5月17日（周六），北京地铁线网客运量为862.29万人次，上海地铁客运量为639.5万人次，广州地铁客运量为620.2万人次，深圳地铁线网客运量为279.22万人次，南京地铁客运量为135.5万人次。,2014-05-19 10:07:00 来自 微博 weibo.com
地铁客流排行榜#5月16日（周五），北京地铁线网客运量为1111.38万人次，上海地铁客运量为896.9万人次，广州地铁客运量为647.1万人次，深圳地铁线网客运量为305.258万人次，南京地铁客运量为147.9万人次。,2014-05-19 10:06:00 来自 微博 weibo.com
地铁客流排行榜#5月13日（周二），北京地铁线网客运量为1053.14万人次，上海地铁客运量为850.1万人次，广州地铁客运量为597.6万人次，深圳地铁线网客运量为294.08万人次，南京地铁客运量为130.2万人次。,2014-05-14 11:07:00 来自 微博 weibo.com
地铁客流排行榜#5月8日（周四），北京地铁线网客运量为1040.24万人次，上海地铁客运量为843万人次，广州地铁客运量为564.8万人次，深圳地铁线网客运量为268万人次，南京地铁客运量为131万人次。,2014-05-09 12:55:00 来自 微博 weibo.com
地铁客流排行榜#5月7日（周三），北京地铁线网客运量为1035万人次，上海地铁客运量为836.4万人次，广州地铁客运量为547.2万人次，深圳地铁线网客运量为266.74万人次，南京地铁客运量为132.8万人次。,2014-05-09 12:54:00 来自 微博 weibo.com
地铁客流排行榜#5月6日（周二），北京地铁线网客运量为1040.21万人次，上海地铁客运量为834.3万人次，广州地铁客运量为570.5万人次，深圳地铁线网客运量为265.6万人次，南京地铁客运量为132万人次。,2014-05-07 09:44:00 来自 微博 weibo.com
 #地铁客流排行榜# 5月5日（周一），北京地铁线网客运量为1040万人次，上海地铁客运量为826.5万人次，广州地铁客运量为581.5万人次，深圳地铁线网客运量为273.55万人次，南京地铁客运量为132.9万人次。,2014-05-06 16:26:00 来自 微博 weibo.com
 #地铁客流排行榜# 5月4日（周日，上班），北京地铁线网客运量为982.05万人次，上海地铁客运量为737万人次，广州地铁客运量为603.8万人次，深圳地铁线网客运量为270.78万人次，南京地铁客运量为128.3万人次。,2014-05-05 09:39:00 来自 微博 weibo.com
 #地铁客流排行榜# 5月3日（周六，放假），北京地铁线网客运量为843.01万人次，上海地铁客运量为653.1万人次，广州地铁客运量为640.3万人次，深圳地铁线网客运量为276.99万人次，南京地铁客运量为144.6万人次。,2014-05-04 09:58:00 来自 微博 weibo.com
 #地铁客流排行榜# 5月1日（周四，放假），北京地铁线网客运量为979.26万人次，上海地铁客运量为815.9万人次，广州地铁客运量为794.2万人次，深圳地铁线网客运量为347.18万人次，南京地铁客运量为169.5万人次。,2014-05-03 22:40:00 来自 微博 weibo.com
 #地铁客流排行榜# 5月2日（周五，放假），北京地铁线网客运量为893.11万人次，上海地铁客运量为748.8万人次，广州地铁客运量为759.8万人次，深圳地铁线网客运量为329.23万人次，南京地铁客运量为152.3万人次。,2014-05-03 22:38:00 来自 微博 weibo.com
 #地铁客流排行榜# 4月30日（周三），北京地铁线网客运量为1190.1万人次，上海地铁客运量为938.1万人次，广州地铁客运量为740.9万人次，深圳地铁线网客运量为329.87万人次，南京地铁客运量为173.8万人次。,2014-05-03 22:34:00 来自 微博 weibo.com
更正 #地铁客流排行榜# 4月29日（周二），北京地铁线网客运量为1098.09万人次，上海地铁客运量为855.8万人次，广州地铁客运量为630.6万人次，深圳地铁线网客运量为277.69万人次，南京地铁客运量为143.5万人次。,2014-05-03 22:12:00 来自 微博 weibo.com
 #地铁客流排行榜# 4月29日（周二），北京地铁线网客运量为1098.09人次，上海地铁客运量为855.8万人次，广州地铁客运量为630.6万人次，深圳地铁线网客运量为277.69万人次，南京地铁客运量为143.5万人次。,2014-04-30 10:49:00 来自 微博 weibo.com
 #地铁客流排行榜# 4月28日（周一），北京地铁线网客运量为1089.27人次，上海地铁客运量为836.7万人次，广州地铁客运量为627.8万人次，深圳地铁线网客运量为284.17万人次，南京地铁客运量为137万人次。,2014-04-29 12:58:00 来自 微博 weibo.com
 #地铁客流排行榜# 4月27日（周日），北京地铁线网客运量为854.04人次，广州地铁客运量为621.2万人次，上海地铁客运量为601.9万人次，深圳地铁线网客运量为270.55万人次，南京地铁客运量为121.2万人次。,2014-04-28 14:28:00 来自 微博 weibo.com
 #地铁客流排行榜# 4月26日（周六），北京地铁线网客运量为918.66人次，广州地铁客运量为585.2万人次，上海地铁客运量为547.6万人次，深圳地铁线网客运量为267.81万人次，南京地铁客运量为133.1万人次。,2014-04-28 14:27:00 来自 微博 weibo.com
 #地铁客流排行榜# 4月25日（周五），北京地铁线网客运量为1133.61人次，上海地铁客运量为900.2万人次，广州地铁客运量为676.4万人次，深圳地铁线网客运量为303.69万人次，南京地铁客运量为142.5万人次。,2014-04-28 14:23:00 来自 微博 weibo.com
 #地铁客流排行榜# 4月23日（周三），北京地铁线网客运量为1076.05人次，上海地铁客运量为868.8万人次，广州地铁客运量为591.5万人次，深圳地铁线网客运量为277.14万人次，南京地铁客运量为137万人次,2014-04-25 14:26:00 来自 微博 weibo.com
 #地铁客流排行榜# 4月24日（周四），北京地铁线网客运量为1075.2人次，上海地铁客运量为854.8万人次，广州地铁客运量为615.5万人次，深圳地铁线网客运量为274.91万人次，南京地铁客运量为135.6万人次,2014-04-25 11:55:00 来自 微博 weibo.com
 #地铁客流排行榜# 4月22日（周二），北京地铁线网客运量为1088.26人次，上海地铁客运量为836.9万人次，广州地铁客运量为615.3万人次，深圳地铁线网客运量为278.14万人次，南京地铁客运量为135.5万人次,2014-04-23 15:43:00 来自 微博 weibo.com
 #地铁客流排行榜# 4月21日（周一），北京地铁线网客运量为1087.47人次，上海地铁客运量为821.9万人次，广州地铁客运量为636.7万人次，深圳地铁线网客运量为29073万人次，南京地铁客运量为130.3万人次,2014-04-22 09:30:00 来自 微博 weibo.com
 #地铁客流排行榜# 4月20日（周日），北京地铁线网客运量约为864.39万人次，广州地铁客运量为670.2万人次，上海地铁客运量为660.2万人次，深圳地铁线网客运量为296.8万人次，南京地铁客运量为133.5万人次。,2014-04-21 09:45:00 来自 微博 weibo.com
 #地铁客流排行榜# 4月19日（周六），北京地铁线网客运量约为859.67万人次，广州地铁客运量为707万人次，上海地铁客运量为635.8万人次，深圳地铁线网客运量为301.75万人次，南京地铁客运量为133.2万人次。,2014-04-21 09:43:00 来自 微博 weibo.com
 #地铁客流排行榜# 4月18日（周五），北京地铁线网客运量为11124.57人次，上海地铁客运量为905.8万人次，广州地铁客运量为706.2万人次，深圳地铁线网客运量为327.2万人次，南京地铁客运量为151.9万人次。,2014-04-21 09:41:00 来自 微博 weibo.com
 #地铁客流排行榜# 4月17日（周四），北京地铁线网客运量为1033.44人次，上海地铁客运量为815.3万人次，广州地铁客运量为635.9万人次，深圳地铁线网客运量为294.14万人次，南京地铁客运量为131.7万人次。,2014-04-18 16:49:00 来自 微博 weibo.com
 #地铁客流排行榜# 4月16日（周三），北京地铁线网客运量为1064.79万人次，上海地铁客运量为817.6万人次，广州地铁客运量为636.7万人次，深圳地铁线网客运量为285.27万人次，南京地铁客运量为132.3万人次。,2014-04-17 09:51:00 来自 微博 weibo.com
 #地铁客流排行榜# 4月15日（周二），北京地铁线网客运量为1058.39万人次，上海地铁客运量为865.3万人次，广州地铁客运量为627.7万人次，深圳地铁线网客运量为282.34万人次，南京地铁客运量为134.6万人次。,2014-04-16 09:45:00 来自 微博 weibo.com
 #地铁客流排行榜# 4月14日（周一），北京地铁线网客运量为1064.14万人次，上海地铁客运量为850.8万人次，广州地铁客运量为618.3万人次，深圳地铁线网客运量为280万人次，南京地铁客运量为138.2万人次。,2014-04-15 09:39:00 来自 微博 weibo.com
更正： #地铁客流排行榜# 4月12日（周六），北京地铁线网客运量约为973.5万人次，广州地铁客运量为652.5万人次，上海地铁客运量为586.2万人次，深圳地铁线网客运量为275.6万人次，南京地铁客运量为134.7万人次。,2014-04-14 10:26:00 来自 微博 weibo.com
 #地铁客流排行榜# 4月13日（周日），北京地铁线网客运量为810.74万人次，广州地铁客运量为628.9万人次，上海地铁客运量为596.6万人次，深圳地铁线网客运量为277.22万人次，南京地铁客运量为129.4万人次。,2014-04-14 10:25:00 来自 微博 weibo.com
 #地铁客流排行榜# 4月12日（周六），北京地铁线网客运量约为973.5万人次，广州地铁客运量为60652.5万人次，上海地铁客运量为586.2万人次，深圳地铁线网客运量为275.6万人次，南京地铁客运量为134.7万人次。,2014-04-13 10:59:00 来自 微博 weibo.com
 #地铁客流排行榜# 4月11日（周五），北京地铁线网客运量为1106.8万人次，上海地铁客运量为887.6万人次，广州地铁客运量为661.3万人次，深圳地铁线网客运量为301.02万人次，南京地铁客运量为146.4万人次。,2014-04-13 10:57:00 来自 微博 weibo.com
 #地铁客流排行榜# 4月10日（周四），北京地铁线网客运量约为1046.38万人次，上海地铁客运量为839.4万人次，广州地铁客运量为608.2万人次，深圳地铁线网客运量为274.57万人次，南京地铁客运量为134.6万人次。,2014-04-13 10:56:00 来自 微博 weibo.com
 #地铁客流排行榜# 4月9日（周三），北京地铁线网客运量约为1055.93万人次，上海地铁客运量为834.8万人次，广州地铁客运量为603.2万人次，深圳地铁线网客运量为275.71万人次，南京地铁客运量为137.4万人次。,2014-04-10 12:58:00 来自 微博 weibo.com
 #地铁客流排行榜# 4月8日（周二），北京地铁线网客运量约为1020万人次，上海地铁客运量为833.8万人次，广州地铁客运量为599.4万人次，深圳地铁线网客运量为263.89万人次，南京地铁客运量为138.2万人次。,2014-04-09 11:25:00 来自 微博 weibo.com
 #地铁客流排行榜# 4月7日（周一、放假），北京地铁线网客运量为829.6万人次，上海地铁客运量为598.1万人次，广州地铁客运量为563.3万人次，深圳地铁线网客运量为233.63万人次，南京地铁客运量为141.6万人次。,2014-04-08 09:58:00 来自 微博 weibo.com
 #地铁客流排行榜# 4月6日（周日），北京地铁线网客运量为896.12万人次，上海地铁客运量为688.6万人次，广州地铁客运量为487.4万人次，深圳地铁线网客运量为238.61万人次，南京地铁客运量为148.6万人次。,2014-04-07 09:27:00 来自 微博 weibo.com
 #地铁客流排行榜# 4月5日（周六），北京地铁线网客运量为958.69万人次，上海地铁客运量为734.4万人次，广州地铁客运量为642.6万人次，深圳地铁线网客运量为332.45万人次，南京地铁客运量为155.9万人次。,2014-04-07 09:26:00 来自 微博 weibo.com
 #地铁客流排行榜# 4月4日（周五），北京地铁线网客运量为1157.2万人次，上海地铁客运量为911.4万人次，广州地铁客运量为709.9万人次，深圳地铁线网客运量为307.04万人次，南京地铁客运量为172.3万人次。,2014-04-07 09:25:00 来自 微博 weibo.com
 #地铁客流排行榜# 4月3日（周四），北京地铁线网客运量为1052.95万人次，上海地铁客运量为833.8万人次，广州地铁客运量为594.9万人次，深圳地铁线网客运量为251.84万人次，南京地铁客运量为138.4万人次。,2014-04-04 09:35:00 来自 微博 weibo.com
 #地铁客流排行榜# 4月2日（周三），北京地铁线网客运量为1042.39万人次，上海地铁客运量为831.5万人次，广州地铁客运量为568.2万人次，深圳地铁线网客运量为257.78万人次，南京地铁客运量为136.3万人次。,2014-04-04 09:34:00 来自 微博 weibo.com
 #地铁客流排行榜# 4月1日（周二），北京地铁线网客运量为1050.6万人次，上海地铁客运量为841.9万人次，广州地铁客运量为570.5万人次，深圳地铁线网客运量为261.01万人次，南京地铁客运量为134.3万人次。,2014-04-02 10:29:00 来自 微博 weibo.com
 #地铁客流排行榜# 3月31日（周一），北京地铁线网客运量为1038.7万人次，上海地铁客运量为840.3万人次，广州地铁客运量为563.3万人次，深圳地铁线网客运量为246.55万人次，南京地铁客运量为135.1万人次。,2014-04-01 10:16:00 来自 微博 weibo.com
 #地铁客流排行榜# 3月30日（周日），北京地铁线网客运量为834.72万人次，上海地铁客运量为678.5万人次，广州地铁客运量为619万人次，深圳地铁线网客运量为255.47万人次，南京地铁客运量为137.8万人次。,2014-03-31 11:23:00 来自 微博 weibo.com
 #地铁客流排行榜# 3月29日（周六），北京地铁线网客运量为905.45万人次，上海地铁客运量为636.9万人次，广州地铁客运量为606.8万人次，深圳地铁线网客运量为253.67万人次，南京地铁客运量为126.4万人次。,2014-03-31 11:21:00 来自 微博 weibo.com
 #地铁客流排行榜# 3月28日（周五），北京地铁线网客运量为1106.61万人次，上海地铁客运量为867.6万人次，广州地铁客运量为654.3万人次，深圳地铁线网客运量为299.18万人次，南京地铁客运量为155.2万人次。,2014-03-31 11:20:00 来自 微博 weibo.com
 #地铁客流排行榜# 3月27日（周四），北京地铁线网客运量为1026.34万人次，上海地铁客运量为845万人次，广州地铁客运量为604.5万人次，深圳地铁线网客运量为274.57万人次，南京地铁客运量为137.1万人次。,2014-03-28 10:06:00 来自 微博 weibo.com
 #地铁客流排行榜# 3月26日（周三），北京地铁线网客运量为1050.7万人次，上海地铁客运量为841万人次，广州地铁客运量为603.5万人次，深圳地铁线网客运量为275.79万人次，南京地铁客运量为137.4万人次。,2014-03-27 11:30:00 来自 微博 weibo.com
 #地铁客流排行榜# 3月25日（周二），北京地铁线网客运量为1042.03万人次，上海地铁客运量为798.5万人次，广州地铁客运量为604.9万人次，深圳地铁线网客运量为276.89万人次，南京地铁客运量为131.1万人次。,2014-03-26 11:36:00 来自 微博 weibo.com
 #地铁客流排行榜# 3月24日（周一），北京地铁线网客运量为1051.67万人次，上海地铁客运量为838.1万人次，广州地铁客运量为616.5万人次，深圳地铁线网客运量为280.35万人次，南京地铁客运量为135.2万人次。,2014-03-25 10:32:00 来自 微博 weibo.com
 #地铁客流排行榜# 3月23日（周日），北京地铁线网客运量为820.62万人次，上海地铁客运量为665.7万人次，广州地铁客运量为650万人次，深圳地铁线网客运量为292.78万人次，南京地铁客运量为147.6万人次。,2014-03-24 10:08:00 来自 微博 weibo.com
 #地铁客流排行榜# 3月22日（周六），北京地铁线网客运量为976.24万人次，上海地铁客运量为723.5万人次，广州地铁客运量为676.9万人次，深圳地铁线网客运量为289.03万人次，南京地铁客运量为166.9万人次。,2014-03-24 10:07:00 来自 微博 weibo.com
 #地铁客流排行榜# 3月21日（周五），北京地铁线网客运量约1100万人次，上海地铁客运量为901.8万人次，广州地铁客运量为668.4万人次，深圳地铁线网客运量为300.96万人次，南京地铁客运量为158万人次。,2014-03-24 10:06:00 来自 微博 weibo.com
 #地铁客流排行榜# 3月20日（周四），北京地铁线网客运量为1041.22万人次，上海地铁客运量为836.9万人次，广州地铁客运量为610.8万人次，深圳地铁线网客运量为277.79万人次，南京地铁客运量为135.4万人次。,2014-03-21 10:25:00 来自 微博 weibo.com
 #地铁客流排行榜# 3月19日（周三），北京地铁线网客运量为1036.23万人次，上海地铁客运量为811.96万人次，广州地铁客运量为624.9万人次，深圳地铁线网客运量为282.95万人次，南京地铁客运量为127.7万人次。,2014-03-20 09:49:00 来自 微博 weibo.com
 #地铁客流排行榜# 3月18日（周二），北京地铁线网客运量为1035.6万人次，上海地铁客运量为847.6万人次，广州地铁客运量为623.4万人次，深圳地铁线网客运量为277.68万人次。,2014-03-19 10:47:00 来自 微博 weibo.com
 #地铁客流排行榜# 3月17日（周一），北京地铁线网客运量为1026.44万人次，上海地铁客运量为829.2万人次，广州地铁客运量为623.9万人次，深圳地铁线网客运量为283.22万人次。,2014-03-18 09:26:00 来自 微博 weibo.com
 #地铁客流排行榜# 3月16日（周日），北京地铁线网客运量为806.8万人次，上海地铁客运量为652万人次，广州地铁客运量为658.7万人次，深圳地铁线网客运量为287.38万人次。,2014-03-17 10:33:00 来自 微博 weibo.com
 #地铁客流排行榜# 3月15日（周六），北京地铁线网客运量为847.03万人次，上海地铁客运量为714.1万人次，广州地铁客运量为671.9万人次，深圳地铁线网客运量为278.99万人次。,2014-03-17 10:32:00 来自 微博 weibo.com
 #地铁客流排行榜# 3月14日（周五），北京地铁线网客运量为1098.19万人次，上海地铁客运量为898.4万人次，广州地铁客运量为661万人次，深圳地铁线网客运量为296.12万人次。,2014-03-17 10:30:00 来自 微博 weibo.com
 #地铁客流排行榜# 3月13日（周四），北京地铁线网客运量为1026.49万人次，上海地铁客运量为828.2万人次，广州地铁客运量为598.4万人次，深圳地铁线网客运量为273.29万人次。,2014-03-14 10:19:00 来自 微博 weibo.com
 #地铁客流排行榜# 3月12日（周三），北京地铁线网客运量为1026.05万人次，上海地铁客运量为798.3万人次，广州地铁客运量为578.9万人次，深圳地铁线网客运量为271.97万人次。,2014-03-13 16:06:00 来自 微博 weibo.com
 #地铁客流排行榜# 3月11日（周二），北京地铁线网客运量为1031.11万人次，上海地铁客运量为830万人次，广州地铁客运量为599万人次，深圳地铁线网客运量为273.48万人次。,2014-03-12 09:49:00 来自 微博 weibo.com
 #地铁客流排行榜# 3月10日（周一），北京地铁线网客运量为1032.52万人次，上海地铁客运量为825.4万人次，广州地铁客运量为611.6万人次，深圳地铁线网客运量为278.48万人次。,2014-03-11 10:06:00 来自 微博 weibo.com
 #地铁客流排行榜# 3月9日（周日），北京地铁线网客运量为773.69万人次，上海地铁客运量为646.1万人次，广州地铁客运量为599.2万人次，深圳地铁线网客运量为271.69万人次。,2014-03-10 09:37:00 来自 微博 weibo.com
 #地铁客流排行榜# 3月8日（周六），北京地铁线网客运量为853.28万人次，上海地铁客运量为700万人次，广州地铁客运量为655.7万人次，深圳地铁线网客运量为297.8万人次。,2014-03-10 09:35:00 来自 微博 weibo.com
 #地铁客流排行榜# 3月7日（周五），北京地铁线网客运量为1109.4万人次，上海地铁客运量为894.8万人次，广州地铁客运量为661.9万人次，深圳地铁线网客运量为304.02万人次。,2014-03-10 09:34:00 来自 微博 weibo.com
 #地铁客流排行榜# 【昨日客流】3月6日（周四），北京地铁线网客运量为1052.36万人次，上海地铁客运量为808万人次，广州地铁客运量为589.9万人次，深圳地铁线网客运量为272.77万人次。,2014-03-07 10:28:00 来自 微博 weibo.com
 #地铁客流排行榜# 【昨日客流】3月5日（周三），北京地铁线网客运量为894.91+165.5=1060.41万人次，上海地铁客运量为841.2万人次，广州地铁客运量为591.5万人次，深圳地铁线网客运量为271.24万人次。,2014-03-06 09:44:00 来自 微博 weibo.com
 #地铁客流排行榜# 【昨日客流】3月4日（周二），北京地铁线网客运量为884.9+164.6=1049.5万人次，上海地铁客运量为806.3万人次，广州地铁客运量为579.6万人次。深圳地铁线网客运量为276.69万人次。,2014-03-05 09:30:00 来自 微博 weibo.com
 #地铁客流排行榜#  【昨日客流】3月3日（周一），北京地铁线网客运量为866.84+162.6=1039.44万人次，上海地铁客运量为833.5万人次，广州地铁客运量为596.2万人次。深圳地铁线网客运量为282.48万人次。,2014-03-04 09:46:00 来自 微博 weibo.com
 #地铁客流排行榜#  2.27日北京地铁线网总客运量为875.99+163.2=103.9.19万人次，上海地铁总客流为828.2万人次，广州地铁总客运量为618.4万人次，深圳地铁线网总客运量277.8万人次。,2014-02-28 09:49:00 来自 微博 weibo.com
对比：昨日（5.30日）北京地铁公司所辖14条运营线路日客运量为806.50万人次，京港地铁所辖3条4号线客流量154.7万人次，北京所有地铁客运量960.2万人次。昨日上海地铁总客流为695.3万人次。成都地铁1、2号线总客流为58.62万人次。深圳5条线客流约239w人次。,2013-05-31 09:32:00 来自 微博 weibo.com
