 #地铁客流排行榜# 4月12日（周二），北京地铁路网客运量1155.86万，上海地铁客运量1015.3万，广州地铁客运量为670.5万， 深圳地铁路网客运量327.92万，南京地铁客运量为233.7万，武汉地铁客运量193.54万，成都地铁客运量138.6万。,2016-04-13 12:58:00 来自 微博 weibo.com
 #地铁客流排行榜# 4月11日（周一），北京地铁路网客运量1166.76万，上海地铁客运量1047.5万，广州地铁客运量为709.5万， 深圳地铁路网客运量333.5万，南京地铁客运量为237.4万，武汉地铁客运量200.8万，成都地铁客运量139.66万。,2016-04-12 09:32:00 来自 华为Ascend Mate7
 #地铁客流排行榜# 4月10日（周日），北京地铁路网客运量788.03万，上海地铁客运量735.1万，广州地铁客运量为605万， 深圳地铁路网客运量237.83万，南京地铁客运量为219.9万，武汉地铁客运量212.65万，成都地铁客运量113.15万。,2016-04-11 13:02:00 来自 华为Ascend Mate7
 #地铁客流排行榜# 4月9日（周六），北京地铁路网客运量867.6万，上海地铁客运量819.4万，广州地铁客运量为701万， 深圳地铁路网客运量313.95万，南京地铁客运量为247.9万，武汉地铁客运量203.56万，成都地铁客运量120.51万。,2016-04-10 12:07:00 来自 微博 weibo.com
 #地铁客流排行榜# 4月8日（周五），北京地铁路网客运量1218.8万，上海地铁客运量1109.4万，广州地铁客运量为769.4万， 深圳地铁路网客运量361.08万，南京地铁客运量为259.8万，武汉地铁客运量218.55万，成都地铁客运量152.07万。,2016-04-09 11:02:00 来自 华为Ascend Mate7
 #地铁客流排行榜# 4月7日（周四），北京地铁路网客运量1152.02万，上海地铁客运量996.7万，广州地铁客运量为695.7万， 深圳地铁路网客运量331.37万，南京地铁客运量为233.2万，武汉地铁客运量203.65万，成都地铁客运量132.27万。,2016-04-08 14:30:00 来自 华为Ascend Mate7
 #地铁客流排行榜# 4月7日（周四），北京地铁路网客运量1152.02万，上海地铁客运量996.7万，广州地铁客运量为695.7万， 深圳地铁路网客运量331.37万，南京地铁客运量为233.2万，武汉地铁客运量203.65万，成都地铁客运量1322.27万。,2016-04-08 13:01:00 来自 微博 weibo.com
 #地铁客流排行榜# 4月6日（周三），北京地铁路网客运量1139.48万，上海地铁客运量945.3万，广州地铁客运量为692.8万， 深圳地铁路网客运量328.96万，南京地铁客运量为213.4万，武汉地铁客运量166.92万，成都地铁客运量132.39万。,2016-04-07 13:05:00 来自 微博 weibo.com
 #地铁客流排行榜# 4月5日（周二），北京地铁路网客运量1135.04万，上海地铁客运量1009.8万，广州地铁客运量为688.7万， 深圳地铁路网客运量331.53万，南京地铁客运量为239.5万，武汉地铁客运量203.91万，成都地铁客运量138.48万。,2016-04-06 10:46:00 来自 微博 weibo.com
 #地铁客流排行榜# 4月4日（周一，放假），北京地铁路网客运量800.13万，上海地铁客运量754.8万，广州地铁客运量为555.5万， 深圳地铁路网客运量294.42万，南京地铁客运量为237.4万，武汉地铁客运量229.84万，成都地铁客运量178.71万。,2016-04-05 11:20:00 来自 微博 weibo.com
 #地铁客流排行榜# 4月3日（周日），北京地铁路网客运量879.9万，广州地铁客运量为645.4万，上海地铁客运量612.6万，深圳地铁路网客运量333.12万，南京地铁客运量为207.6万，武汉地铁客运量163.7万，成都地铁客运量119.17万。,2016-04-04 14:56:00 来自 华为Ascend Mate7
 #地铁客流排行榜# 4月2日（周六），北京地铁路网客运量913.94万，上海地铁客运量717.5万，广州地铁客运量为706.4万， 深圳地铁路网客运量315.05万，南京地铁客运量为211.7万，武汉地铁客运量206.44万，成都地铁客运量130.84万，西安地铁客运量124.17万。,2016-04-03 10:04:00 来自 华为Ascend Mate7
 #地铁客流排行榜# 4月1日（周五），北京地铁路网客运量1253.84万，上海地铁客运量1129.9万，广州地铁客运量为815.2万， 深圳地铁路网客运量375.61万，南京地铁客运量为287.2万，武汉地铁客运量254.19万，成都地铁客运量169.32万，西安地铁客运量130.97万。北京上海西安等地客流纷纷再创历史新高。,2016-04-02 11:57:00 来自 华为Ascend Mate7
 #地铁客流排行榜# 4月1日（周五），北京地铁路网客运量1253.84万，上海地铁客运量1129.9万，广州地铁客运量为815.2万， 深圳地铁路网客运量375.61万，南京地铁客运量为287.2万，武汉地铁客运量254.19万，西安地铁客运量130.97万。北京上海西安等地客流纷纷再创历史新高。,2016-04-02 10:26:00 来自 华为Ascend Mate7
 #地铁客流排行榜# 3月31日（周四），北京地铁路网客运量1168.62万，上海地铁客运量1019.8万，广州地铁客运量为720.8万， 深圳地铁路网客运量346.68万，南京地铁客运量为231.6万，武汉地铁客运量206.36万，成都地铁客运量139.33万。,2016-04-01 12:39:00 来自 微博 weibo.com
 #地铁客流排行榜# 3月30日（周三），北京地铁路网客运量1178.44万，上海地铁客运量1035.5万，广州地铁客运量为710.7万， 深圳地铁路网客运量346.12万，南京地铁客运量为229.2万，武汉地铁客运量178.82万，成都地铁客运量139.43万。,2016-03-31 10:00:00 来自 华为Ascend Mate7
 #地铁客流排行榜# 3月29日（周二），北京地铁路网客运量1168.1万，上海地铁客运量1060万，广州地铁客运量为712.8万， 深圳地铁路网客运量346.1万，南京地铁客运量为229.9万，武汉地铁客运量188.77万，成都地铁客运量136.58万，西安地铁客运量100.98万。,2016-03-30 19:20:00 来自 微博 weibo.com
城市财政排名：楼市成关键因素 服务业贡献更大 [去年深圳税收规模占比前四大行业是制造业、金融业、房地产业和批发零售业，合计占整体税收的比重达到71.6%。尽管经济总量仅位列全国第51位、在15个副省级城市中倒数第一，在福建省内排在泉州、福州之后，位 （分享自  @凤凰房产 ）   O 城市财政排名：楼市成关键因素 服务业贡献更大 ,2016-03-30 19:13:00 来自 凤凰房产
 #地铁客流排行榜# 3月28日（周一），北京地铁路网客运量1167.11万，上海地铁客运量10492万，广州地铁客运量为729万， 深圳地铁路网客运量341.95万，南京地铁客运量为237.2万，武汉地铁客运量205.65万，成都地铁客运量141.12万。,2016-03-29 09:26:00 来自 华为Ascend Mate7
 #地铁客流排行榜# 3月27日（周日），北京地铁路网客运量849.37万，上海地铁客运量777万，广州地铁客运量为730.8万， 深圳地铁路网客运量334.04万，南京地铁客运量为234.6万，武汉地铁客运量209.37万，成都地铁客运量122万。,2016-03-28 10:37:00 来自 微博 weibo.com
 #地铁客流排行榜# 3月26日（周六），北京地铁路网客运量923.53万，上海地铁客运量856.4万，广州地铁客运量为770.3万， 深圳地铁路网客运量340.24万，南京地铁客运量为250.9万，武汉地铁客运量211.99万.,2016-03-27 12:20:00 来自 华为Ascend Mate7
 #地铁客流排行榜# 3月25日（周五），北京地铁路网客运量1242.61万，上海地铁客运量1107.2万，广州地铁客运量为782.5万， 深圳地铁路网客运量373.27万，南京地铁客运量为264.6万，武汉地铁客运量223.75万，成都地铁客运量为173.82万。北京成都客流创新高。,2016-03-26 10:55:00 来自 华为Ascend Mate7
 #地铁客流排行榜# 3月24日（周四），北京地铁路网客运量1170.21万，上海地铁客运量1043.2万，广州地铁客运量为666万， 深圳地铁路网客运量327.02万，南京地铁客运量为233.7万，武汉地铁客运量为201.66万，成都地铁客运量162.69万。,2016-03-25 09:58:00 来自 微博 weibo.com
 #地铁客流排行榜# 3月23日（周三），北京地铁路网客运量1163.04万，上海地铁客运量1037.6万，广州地铁客运量为653.2万， 深圳地铁路网客运量320.3万，南京地铁客运量为236.2万，武汉地铁客运量为193.99万，成都地铁客运量155.59万。,2016-03-24 18:28:00 来自 微博 weibo.com
 #地铁客流排行榜# 3月22日（周二），北京地铁路网客运量1147.55万，上海地铁客运量1026.4万，广州地铁客运量为664.7万， 深圳地铁路网客运量336.08万，南京地铁客运量为236.2万，武汉地铁客运量为197.07万，成都地铁客运量151.13万。,2016-03-23 12:54:00 来自 微博 weibo.com
 #地铁客流排行榜# 3月21日（周一），北京地铁路网客运量1153.79万，上海地铁客运量1041.3万，广州地铁客运量为661.5万， 深圳地铁路网客运量333.7万，南京地铁客运量为244.2万，武汉地铁客运量为200.07万，成都地铁客运量156.3万。,2016-03-23 12:53:00 来自 微博 weibo.com
 #地铁客流排行榜# 3月20日（周日），北京地铁路网客运量814.19万，上海地铁客运量771.5万，广州地铁客运量为673万， 深圳地铁路网客运量309.64万，南京地铁客运量为253.6万，武汉地铁客运量为206.99万，成都地铁客运量138.73万。,2016-03-21 20:37:00 来自 华为Ascend Mate7
 #地铁客流排行榜# 3月19日（周六），北京地铁路网客运量890.93万，上海地铁客运量805.5万，广州地铁客运量为708.9万， 深圳地铁路网客运量328.74万，南京地铁客运量为279.6万，成都地铁客运量为143.48万，西安地铁客运量121.53万。,2016-03-20 12:55:00 来自 华为Ascend Mate7
 #地铁客流排行# 3月18日（周五），北京地铁1222.13万人次，上海地铁1091万人次，广州地铁763.3万人次，深圳366.48万人次，南京地铁264.5万人次，武汉地铁227.85万，成都地铁166.21万人次，北京成都客流创出新高。,2016-03-19 11:07:00 来自 华为Ascend Mate7
 #地铁客流排行榜# 3月17日（周四），北京地铁路网客运量1154.57万，上海地铁客运量为1040.5万，广州地铁客运量为681.9万， 深圳地铁路网客运量348.8万，南京地铁客运量为230.2万，武汉地铁客运量为190.87万，成都地铁客运量为137.62万。,2016-03-18 10:57:00 来自 微博 weibo.com
 #地铁客流排行榜# 3月16日（周三），北京地铁路网客运量1159.05万，上海地铁客运量为1067.8万，广州地铁客运量为702.8万， 深圳地铁路网客运量346.64万，南京地铁客运量为240.3万，武汉地铁客运量为196.44万，成都地铁客运量为139.91万。,2016-03-17 20:51:00 来自 华为Ascend Mate7
 #地铁客流排行榜# 3月15日（周二），北京地铁路网客运量1141.24万，上海地铁客运量为1057.5万，广州地铁客运量为704.6万， 深圳地铁路网客运量343.93万，南京地铁客运量为234.2万，武汉地铁客运量为196.78万，成都地铁客运量为139.21万。,2016-03-16 11:46:00 来自 华为Ascend Mate7
 #地铁客流排行榜# 3月14日（周一），北京地铁路网客运量1145.32万，上海地铁客运量为1031.8万，广州地铁客运量为713.7万， 深圳地铁路网客运量349.64万，南京地铁客运量为235.7万，武汉地铁客运量为201.47万，成都地铁客运量为138.76万。,2016-03-15 10:27:00 来自 微博 weibo.com
2016年春运期间各大城市地铁客流变化趋势图,2016-03-14 10:57:00 来自 微博 weibo.com
 #地铁客流排行榜# 3月12日（周日），北京地铁路网客运量768.35万，上海地铁客运量为680.9万，广州地铁客运量为604.6万， 深圳地铁路网客运量294.71万，武汉地铁客运量为214.1万，南京地铁客运量为212.5万，成都地铁客运量为118.79万，西安地铁客运量114.8万。,2016-03-14 10:48:00 来自 微博 weibo.com
 #地铁客流排行榜# 3月11日（周六），上海地铁客运量为832.8万，北京地铁路网客运量821.94万，广州地铁客运量为710.1万， 深圳地铁路网客运量314.41万，南京地铁客运量为265.1万，武汉地铁客运量为214.1万，成都地铁客运量为116.52万，西安地铁客运量114.8万。,2016-03-13 11:58:00 来自 华为Ascend Mate7
 #地铁客流排行# 3月11日（周五），北京地铁1209万人次，上海地铁1116万人次，广州地铁781.9万人次，深圳361.5万人次，南京地铁268万人次，武汉地铁220.32万，成都地铁155.6万人次，西安地铁114.5万人次。北京上海客流创出历史新高。,2016-03-12 17:36:00 来自 华为Ascend Mate7
 #地铁客流排行# 3月11日（周五），北京地铁1209万人次，上海地铁1116万人次，广州地铁781.9万人次，深圳361.5万人次，南京地铁268万人次，成都地铁155.6万人次，西安地铁114.5万人次。北京上海客流创出历史新高。,2016-03-12 12:21:00 来自 华为Ascend Mate7
// @一句心情签名 :学习了 ,2016-03-12 07:46:00 来自 华为Ascend Mate7
 #地铁客流排行榜# 3月9日（周三），北京地铁路网客运量为1139.37万，上海地铁客运量为1002.3万，广州地铁客运量为752.7万， 深圳地铁路网客运量331.62万，南京地铁客运量为224.9万，武汉地铁客运量为181.62万，成都地铁客运量为128.63万。,2016-03-10 09:52:00 来自 微博 weibo.com
【独家策划：中国高铁不仅要修到台湾，更要修到全世界】8日，“十三五”规划纲要草案提出将建设北京至台北高速铁路通道，部分台湾人士认为高铁是统战策略。不要太傲娇好不好，中国的高铁早就修到全世界了……那么中国高铁走出去的优势有哪些？ 高铁出海有了 （分享自  @凤凰网 ）   O 凤凰深度策划：中国高铁不仅要修到台湾，更要... ,2016-03-09 14:26:00 来自 分享按钮
 #地铁客流排行榜# 3月8日（周二），北京地铁路网客运量为1161.48万，上海地铁客运量为1001万，广州地铁客运量为752.7万， 深圳地铁路网客运量372.7万，南京地铁客运量为212.7万，武汉地铁客运量为181.88万，成都地铁客运量为142.25万。昨日是三八节，广深客流上升较大，能说明什么？,2016-03-09 09:57:00 来自 微博 weibo.com
 #地铁客流排行榜# 3月7日（周一），北京地铁路网客运量为1140.03万，上海地铁客运量为1030.9万，广州地铁客运量为724.6万， 深圳地铁路网客运量355.6万，南京地铁客运量为234.5万，武汉地铁客运量为198.6万，成都地铁客运量为137.97万。,2016-03-08 10:39:00 来自 华为Ascend Mate7
【年终奖多1元税或增上万！代表建议单设算法】 （分享自  @凤凰网 ）   O 年终奖多1元税或增上万！代表建议单设算法 ,2016-03-08 09:13:00 来自 分享按钮
 #地铁客流排行榜# 3月6日（周日），北京地铁路网客运量为752.74万，广州地铁客运量为728.9万，上海地铁客运量为718.9万， 深圳地铁路网客运量317.64万，南京地铁客运量为227.9万，武汉地铁客运量为203.7万，成都地铁客运量为119.61万。,2016-03-07 09:32:00 来自 微博 weibo.com
 #地铁客流排行榜# 3月5日（正月廿七，周六），北京地铁路网客运量为814.11万，上海地铁客运量为811.7万，广州地铁客运量为771.8万， 深圳地铁路网客运量305.87万，南京地铁客运量为261.9万，武汉地铁客运量为211.76万，成都地铁客运量为130.41万。,2016-03-06 13:06:00 来自 华为Ascend Mate7
 #地铁客流排行榜# 3月4日（正月廿六，周五），北京地铁路网客运量为1200.11万，上海地铁客运量为1082.6万，广州地铁客运量为800.7万， 深圳地铁路网客运量370.47万，南京地铁客运量为254.5万，武汉地铁客运量为219.15万，成都地铁客运量为156.29万。北上等城客流超或逼近历史新高。,2016-03-05 09:45:00 来自 华为Ascend Mate7
 #地铁客流排行榜# 3月3日（正月廿五，周四），北京地铁路网客运量为1130万，上海地铁客运量为1025.3万，广州地铁客运量为734.2万， 深圳地铁路网客运量323.98万，南京地铁客运量为226.3万，武汉地铁客运量为194.17万，成都地铁客运量为139.57万。,2016-03-04 11:00:00 来自 微博 weibo.com
 #地铁客流排行榜# 3月2日（正月廿四，周三），北京地铁路网客运量为1132.08万，上海地铁客运量为1033.1万，广州地铁客运量为733.4万， 深圳地铁路网客运量350.71万，南京地铁客运量为234.8万，武汉地铁客运量为196.67万，成都地铁客运量为140.44万。,2016-03-03 10:36:00 来自 华为Ascend Mate7
 #地铁客流排行榜# 3月1日（正月廿三，周二），北京地铁路网客运量为1128.4万，上海地铁客运量为1023.9万，广州地铁客运量为726.7万， 深圳地铁路网客运量345.97万，南京地铁客运量为236.6万，武汉地铁客运量为201.59万，成都地铁客运量为142.97万。,2016-03-02 10:16:00 来自 微博 weibo.com
【 发改委等10部门：将有序发展网络预约拼车】今天，国家发改委等10个部门制定的《关于促进绿色消费的指导意见》发布。指出：支持发展共享经济，鼓励个人闲置资源有效利用，有序发展网络预约拼车、自有车辆租赁、民宿出租、旧物交换利用等，创新监管方式，完善信用体系。  O 我国将有序发展网络预约拼车 ,2016-03-02 08:23:00 来自 华为Ascend Mate7
 #地铁客流排行榜# 2月29日（正月廿二，周一），北京地铁路网客运量为1127.31万，上海地铁客运量为1016.5万，广州地铁客运量为732.4万， 深圳地铁路网客运量352.9万，南京地铁客运量为238万，武汉地铁客运量为207.2万，成都地铁客运量为144.46万。,2016-03-01 09:22:00 来自 微博 weibo.com
 #地铁客流排行榜# 2月28日（正月廿一，周日），北京地铁路网客运量为737.46万，上海地铁客运量为733.8万，广州地铁客运量为733.5万， 深圳地铁路网客运量325.53万，南京地铁客运量为237.9万，武汉地铁客运量为203.3万，成都地铁客运量为131.7万。,2016-02-29 14:59:00 来自 微博 weibo.com
 #地铁客流排行榜# 2月27日（正月二十，周六），北京地铁路网客运量为818.5万，上海地铁客运量为817.1万，广州地铁客运量为770.9万， 深圳地铁路网客运量333.71万，南京地铁客运量为267万，武汉地铁客运量为219.95万，成都地铁客运量为144.92万。,2016-02-29 14:55:00 来自 微博 weibo.com
 #地铁客流排行榜# 2月26日（正月十九，周五），北京地铁路网客运量为1176.75万，上海地铁客运量为1063.1万，广州地铁客运量为764.2万， 深圳地铁路网客运量364万，南京地铁客运量为262.9万，武汉地铁客运量为223.6万，成都地铁客运量为163.51万。各地客流节节攀高。,2016-02-27 10:15:00 来自 华为Ascend Mate7
 #地铁客流排行榜# 2月25日（正月十八，周四），北京地铁路网客运量为1114.06万，上海地铁客运量为1008.1万，广州地铁客运量为716.8万， 深圳地铁路网客运量331.06万，南京地铁客运量为235.4万，武汉地铁客运量为20579万，成都地铁客运量为146.26万。,2016-02-26 10:33:00 来自 微博 weibo.com
 #地铁客流排行榜# 2月23日（正月十六，周二），北京地铁路网客运量为1062.26万，上海地铁客运量为971.4万，广州地铁客运量为671.2万， 深圳地铁路网客运量316.02万，南京地铁客运量为238.3万，武汉地铁客运量为207.52万，成都地铁客运量为147.78万。,2016-02-24 10:53:00 来自 微博 weibo.com
 #地铁客流排行榜# 2月22日（正月十五，周一），北京地铁路网客运量为1033.32万，上海地铁客运量为887.5万，广州地铁客运量为655万， 深圳地铁路网客运量315.59万，南京地铁客运量为229.5万，武汉地铁客运量为184.85万，成都地铁客运量为144.15万。,2016-02-23 12:27:00 来自 微博 weibo.com
 #地铁客流排行榜# 2月20日（正月十三，周六），上海地铁客运量为702.8万，北京地铁路网客运量为667.93万，广州地铁客运量为596.4万， 深圳地铁路网客运量262.1万，南京地铁客运量为224万，武汉地铁客运量为182.33万，成都地铁客运量为115.56万。,2016-02-21 22:52:00 来自 华为Ascend Mate7
 #地铁客流排行榜# 2月19日（正月十二，周四五），北京地铁路网客运量为1001.48万，上海地铁客运量为932.5万，广州地铁客运量为583.5万， 深圳地铁路网客运量290.69万，南京地铁客运量为237.3万，武汉地铁客运量为190.67万，成都地铁客运量为140.85万。,2016-02-20 14:03:00 来自 华为Ascend Mate7
 #地铁客流排行榜# 2月18日（正月十一，周四），北京地铁路网客运量为963.35万，上海地铁客运量为902.9万，广州地铁客运量为606.4万， 深圳地铁路网客运量288.47万，南京地铁客运量为231.7万，武汉地铁客运量为184.85万，成都地铁客运量为132.04万。节后稳步回升，快接近正常工作日水平了。,2016-02-19 10:58:00 来自 微博 weibo.com
 #地铁客流排行榜# 2月17日（年初十，周三），北京地铁路网客运量为934.62万，上海地铁客运量为876万，广州地铁客运量为589.3万， 深圳地铁路网客运量257.11万，南京地铁客运量为217.4万，武汉地铁客运量为183.27万，成都地铁客运量为132.25万。,2016-02-18 10:07:00 来自 微博 weibo.com
 #地铁客流排行榜# 2月16日（年初九，周二），北京地铁路网客运量为870.34万，上海地铁客运量为831.6万，广州地铁客运量为560.7万， 深圳地铁路网客运量250.76万，南京地铁客运量为205.2万，武汉地铁客运量为181.81万，成都地铁客运量为128.2万。,2016-02-17 09:26:00 来自 微博 weibo.com
 #地铁客流排行榜# 2月15日（年初八，周一），北京地铁路网客运量为806.08万，上海地铁客运量为771.1万，广州地铁客运量为533.5万， 深圳地铁路网客运量235.93万，南京地铁客运量为193.3万，武汉地铁客运量为176.84万，成都地铁客运量为120.99万。,2016-02-16 09:18:00 来自 微博 weibo.com
 #地铁客流排行榜# 2月14日（年初七），北京地铁路网客运量为659.17万，上海地铁客运量为650.2万，广州地铁客运量为499.9万， 深圳地铁路网客运量189.61万，南京地铁客运量为178.8万，武汉地铁客运量为165.8万，成都地铁客运量为102.29万。,2016-02-15 09:44:00 来自 微博 weibo.com
 #李大霄的红包# ㄟ( ;  )ㄏ这几天最开心的事――我抽到了 @李大霄  和 @堆金网理财-Jason  的红包！新的一年肯定有财运～不信你试试  O 李大霄 的红包 ,2016-02-15 09:07:00 来自 粉丝红包
 #荣耀手机的红包# 跟我一起唱：恭喜恭喜恭喜我呀，恭喜恭喜我~我刚抢到 @荣耀手机  的新年红包喔！不要太幸运，你也试试吧~  O 荣耀手机 的红包 ,2016-02-14 13:34:00 来自 粉丝红包
 #地铁客流排行榜# 2月13日（年初六），北京地铁路网客运量为434.3万，上海地铁客运量为434万，广州地铁客运量为399.2万， 深圳地铁路网客运量151.15万，南京地铁客运量为118万，武汉地铁客运量为130.65万，成都地铁客运量为80.13万。,2016-02-14 11:39:00 来自 华为Ascend Mate7
 #地铁客流排行榜# 2月12日（年初五），上海地铁客运量为462.9万，北京地铁路网客运量为437.64万，广州地铁客运量为360.1万， 深圳地铁路网客运量129.35万，南京地铁客运量为116.2万，武汉地铁客运量为116万，成都地铁客运量为71.63万。,2016-02-13 11:53:00 来自 华为Ascend Mate7
 #地铁客流排行榜# 2月11日（年初四），上海地铁客运量为405.7万，北京地铁路网客运量为395.29万，广州地铁客运量为330.1万， 深圳地铁路网客运量115.71万，南京地铁客运量为102.5万，武汉地铁客运量为96.21万，成都地铁客运量为65.67万。,2016-02-12 10:51:00 来自 华为Ascend Mate7
 #地铁客流排行榜# 2月10日（年初三），上海地铁客运量为457.2万，北京地铁路网客运量为396.57万，广州地铁客运量为320万， 深圳地铁路网客运量113.67万，南京地铁客运量为118.4万，武汉地铁客运量为87.22万，成都地铁客运量为61.1万。,2016-02-11 10:39:00 来自 华为Ascend Mate7
 #地铁客流排行榜# 2月9日（年初二），上海地铁客运量为452.4万，北京地铁路网客运量为349.08万，广州地铁客运量为321万， 深圳地铁路网客运量123.81万，南京地铁客运量为103.3万，武汉地铁客运量为82.11万，成都地铁客运量为55.3万。,2016-02-10 10:51:00 来自 华为Ascend Mate7
 #曹井升的红包# 跟我一起唱：恭喜恭喜恭喜我呀，恭喜恭喜我~我刚抢到曹井升 的新年红包喔，就喜欢这么有诚意的新年祝福！  O 曹井升 的红包 ,2016-02-09 17:38:00 来自 粉丝红包
 #地铁客流排行榜# 2月8日（年初一），上海地铁客运量为382.8万，广州地铁客运量为319.8万， 北京地铁路网客运量为258.12万， 深圳地铁路网客运量113.12万，南京地铁客运量为77.1万，武汉地铁客运量为79.53万，成都地铁客运量为54.53万。,2016-02-09 13:25:00 来自 华为Ascend Mate7
 #地铁客流排行榜# 2月7日（除夕），上海地铁客运量为281.4万，广州地铁客运量为260.3万， 北京地铁路网客运量为181.87万， 深圳地铁路网客运量79.91万，南京地铁客运量为55.6万，武汉地铁客运量为58.19万.客流降至全年最低，翌日开始反弹。,2016-02-09 13:22:00 来自 华为Ascend Mate7
值得借鉴,2016-02-09 12:11:00 来自 华为Ascend Mate7
 #地铁客流排行榜# 2月6日（年廿八），上海地铁客运量为487.14万，广州地铁客运量为372.3万， 北京地铁路网客运量为371.49万， 深圳地铁路网客运量129.2万，南京地铁客运量为109.2万，武汉地铁客运量为106.49万，成都地铁客运量为66.14万。均继续大幅下降至正常值一半以下。,2016-02-07 09:37:00 来自 华为Ascend Mate7
// @广州铁路 : 受台湾高雄6.7级地震影响，2月6日，D907、D935、D905、D6201、D6203、D6571、D6205、G302、G5252、G1632、G9532、D6403、D6207、D3102、D6405、D6209等列车晚点。铁路部门提醒旅客，请及时关注及车站广播公告，获取最新的列车运行信息，安排好出行时间。,2016-02-06 10:30:00 来自 微博 weibo.com
 #地铁客流排行榜# 2月5日（年廿七），上海地铁客运量为657.1万，北京地铁路网客运量为572.87万，广州地铁客运量为464.4万，深圳地铁路网客运量173.3万，南京地铁客运量为154.9万，武汉地铁客运量为142.58万，成都地铁客运量为95.87万。,2016-02-06 09:14:00 来自 微博 weibo.com
转发微博,2016-01-28 09:29:00 来自 微博 weibo.com
要是办理客运业务的火车站，其实坂田站也算一个，目前还是有个别列车在此站办理上下客的。,2016-01-28 09:28:00 来自 微博 weibo.com
【任正非：年终奖制度是最落后的制度 我坚决反对】'' （分享自  @凤凰财经 ）   O 任正非：年终奖制度是最落后的制度 我坚决反对 ,2016-01-27 17:45:00 来自 分享按钮
转发微博,2016-01-24 19:16:00 来自 华为Ascend Mate7
 #地铁客流排行榜# 更新12月31日（周四），北京地铁线网客运量为1193.69万，上海地铁客运量为1083.3万，广州地铁客运量为879.1万，深圳地铁线网客运量407.65万，南京地铁客运量为298.1万，武汉地铁客运量约为248.37万，成都地铁客运量为157.74万，均创出历史新高。,2016-01-04 10:19:00 来自 微博 weibo.com
 #地铁客流排行榜# 1月3日（周日），北京地铁客运量675.2万，广州地铁客运量为636.2万，上海地铁客运量为627.3万，深圳地铁线网客运量为233.42万，南京地铁客运量为209.6万，武汉地铁客运量为192.9万，成都地铁客运量为110.87万。,2016-01-04 10:16:00 来自 微博 weibo.com
 #地铁客流排行榜# 1月2日（周六），上海地铁客运量为710万，广州地铁客运量为705.7万，北京地铁客运量673.11万，深圳地铁线网客运量为309.12万，南京地铁客运量为220.7万，武汉地铁客运量为190.11万，成都地铁客运量为109.19万。,2016-01-03 13:02:00 来自 华为Ascend Mate7
 #地铁客流排行榜# 1月1日（元旦），广州地铁客运量为833.7万，上海地铁客运量为761.1万，北京地铁线网客运量为734.13万，深圳地铁线网客运量为365.9万，南京地铁客运量为254.2万，武汉地铁客运量为221.28万，成都地铁客运量为127.78万。,2016-01-02 11:11:00 来自 华为Ascend Mate7
 #地铁客流排行榜# 12月31日（周四），北京地铁线网客运量为1193.69万，上海地铁客运量为1083.3万，广州地铁客运量为879.1万，深圳地铁线网客运量超过362.17万（不完全统计），南京地铁客运量为298.1万，武汉地铁客运量约为248.37万，成都地铁客运量为157.74万，除北深个别城市外几乎均创出历史新高。,2016-01-01 13:27:00 来自 华为Ascend Mate7
转发微博,2015-12-26 11:06:00 来自 微博 weibo.com
 #地铁客流排行榜# 12月25日（周五），北京地铁线网客运量为1143.34万，上海地铁客运量为1054.7万，广州地铁客运量为785.4万，深圳地铁线网客运量为336万，南京地铁客运量为273.4万，武汉地铁客运量约190万。其中上海地铁客流量创出历史新高。,2015-12-26 10:50:00 来自 华为Ascend Mate7
昨天是西方人（基督教徒）的所谓圣诞节，今天12.26，是中华民族的大救星毛主席他老人家的诞辰日，不要在西方的圣诞氛围中忘记这位伟人的诞辰，今天才更加应该是中国人的‘’圣‘’诞节！值得每个有良心的中国人永远铭记与怀念！媒体不提及我们自己提！,2015-12-26 09:43:00 来自 华为Ascend Mate7
 #地铁客流排行榜# 12月24日（周四），北京地铁线网客运量为1147.47万，上海地铁客运量为981万，广州地铁客运量为697万，深圳地铁线网客运量为338.9万，南京地铁客运量为232.5万，武汉地铁客运量约185万，成都地铁客运量105.7万。,2015-12-26 00:03:00 来自 华为Ascend Mate7
今天是西方人（基督教徒）的所谓圣诞节，明天12.26，是中华民族的大救星毛主席他老人家的诞辰日，这才该是中国人自己的圣诞节！,2015-12-25 23:54:00 来自 华为Ascend Mate7
 #地铁客流排行榜# 12月20日（周日），北京地铁线网客运量为717万，广州地铁客运量为664.5万，上海地铁客运量为608.6万，深圳地铁线网客运量为285.4万，南京地铁客运量为191.8万，武汉地铁客运量约140万，成都地铁客运量85万。,2015-12-21 11:37:00 来自 微博 weibo.com
 #地铁客流排行榜# 12月19日（周六），上海地铁客运量为769万，北京地铁线网客运量为764万，广州地铁客运量为697万，深圳地铁线网客运量为318万，南京地铁客运量为213万，武汉地铁客运量约157万。,2015-12-20 20:50:00 来自 华为Ascend Mate7
转发微博,2015-12-20 20:33:00 来自 华为Ascend Mate7
 #地铁客流排行榜# 12月18日（周五），北京地铁线网客运量为1155万，上海地铁客运量为1020万，广州地铁客运量为734万，深圳地铁线网客运量为354万，南京地铁客运量为242万，武汉地铁客运量约167万，成都地铁客运量110万。,2015-12-19 15:17:00 来自 华为Ascend Mate7
// @京港地铁 : #京港连播台# 【《北京地铁十六号线项目特许协议》在香港正式签署】16号线是一条南北向骨干线路，全长约50公里，自北向南途经：北安河、西苑、国家图书馆、木樨地、达官营、丽泽商务区、丰台火车站、宛平城等29座车站，其中换乘车站12座，是北京市首条全线采用A型车8节编组的线路。,2015-11-29 11:15:00 来自 华为Ascend Mate7
一段珍贵的历史// @惠州车务段官方微博 :蒸爷。。,2015-11-29 10:10:00 来自 华为Ascend Mate7
缅怀！铭记！,2015-11-29 10:09:00 来自 华为Ascend Mate7
 #地铁客流排行榜# 11月27日（周五），北京地铁线网客运量为1180万，上海地铁客运量为1020万，广州地铁客运量为770万，深圳地铁线网客运量为354万，南京地铁客运量为252万，武汉地铁客运量约173万，成都地铁客运量113万。,2015-11-28 09:34:00 来自 华为Ascend Mate7
转发微博,2015-11-13 07:43:00 来自 华为Ascend Mate7
转发微博,2015-11-09 11:09:00 来自 微博 weibo.com
转发微博,2015-11-07 15:53:00 来自 华为Ascend Mate7
// @环球时报 :厉害…… ,2015-11-07 15:50:00 来自 华为Ascend Mate7
渡尽劫波兄弟在;相逢一笑泯恩仇！,2015-11-07 15:39:00 来自 华为Ascend Mate7
强烈谴责没底线的媒体,2015-11-07 11:34:00 来自 华为Ascend Mate7
 #地铁客流排行榜# 10月30日（周五），北京地铁线网客运量为1173.04万，上海地铁客运量为1008.3万，广州地铁客运量为751万，深圳地铁线网客运量为362.4万，南京地铁客运量为259.3万，武汉地铁客运量约166万，成都地铁客运量112.7万。,2015-10-31 09:51:00 来自 华为Ascend Mate7
【最不忍拒绝的请假条：快忘了老公长啥样了(图)】据 @中国交通报的报道 ，朋友圈里出现了一张令人唏嘘不已的请假条：假条内容是“快忘了老公长啥样了，我想去看看”。 （分享自  @凤凰网 ）   O 最不忍拒绝的请假条：快忘了老公长啥样了(图)  ,2015-10-27 09:13:00 来自 分享按钮
转发微博,2015-10-24 12:49:00 来自 华为Ascend Mate7
转发微博,2015-10-24 12:47:00 来自 华为Ascend Mate7
转发微博,2015-10-24 12:47:00 来自 华为Ascend Mate7
小时候 　　乡愁是一枚小小的邮票 　　我在这头 　　母亲在那头 　　长大后 　　乡愁是一张窄窄的船票 　　我在这头 　　新娘在那头 　　后来啊 　　乡愁是一方矮矮的坟墓 　　我在外头母亲在里头 　　而现在 　　乡愁是一湾浅浅的海峡 　　我在这头 　　大陆在那头,2015-10-21 10:37:00 来自 华为Ascend Mate7
 #地铁客流排行榜# 10月3日，北京地铁线网客运量为755.2万，上海地铁客运量为694.9万，广州地铁客运量为632.9万，深圳地铁线网客运量为279.4万，南京地铁客运量为221.8万，武汉地铁客运量约153万，成都地铁客运量95.4万。,2015-10-04 12:03:00 来自 华为Ascend Mate7
 #地铁客流排行榜# 10月2日，北京地铁线网客运量为787.3万，上海地铁客运量为733万，广州地铁客运量为687.6万，深圳地铁线网客运量为314.23万，南京地铁客运量为229.6万，武汉地铁客运量约158万，成都地铁客运量101.67万。,2015-10-04 12:01:00 来自 华为Ascend Mate7
转发微博,2015-10-03 10:45:00 来自 华为Ascend Mate7
转发微博,2015-10-02 15:29:00 来自 华为Ascend Mate7
 #地铁客流排行榜# 10月1日（周四），北京地铁线网客运量为776万，广州地铁客运量为718.2万，上海地铁客运量605.2万，深圳地铁线网客运量为314.4万，南京地铁客运量为224.5万，武汉地铁客运量约176万，成都地铁客运量109.8万。,2015-10-02 11:22:00 来自 华为Ascend Mate7
收藏慢慢研究,2015-10-02 11:14:00 来自 华为Ascend Mate7
转发微博,2015-10-02 11:09:00 来自 华为Ascend Mate7
转发微博,2015-10-02 11:08:00 来自 华为Ascend Mate7
转发微博,2015-10-02 11:07:00 来自 华为Ascend Mate7
我刚用  @滴滴出行  了，感觉棒棒哒！叫好车再出门，不怕日晒和雨淋~再送你一张滴滴打车券，用券抵车费，省心又省钱！  O 中国人  中国行 ,2015-10-01 17:33:00 来自 滴滴出行Android
 #地铁客流排行榜# 9月30日（周三），北京地铁线网客运量为1050.77万，上海地铁客运量为923.3万，广州地铁客运量为762.3万，深圳地铁线网客运量为344.7万，南京地铁客运量为258.7万，武汉地铁客运量约195万，成都地铁客运量123.38万。,2015-10-01 09:33:00 来自 华为Ascend Mate7
转发微博,2015-09-30 07:51:00 来自 华为Ascend Mate7
转发微博,2015-09-30 07:37:00 来自 华为Ascend Mate7
转发微博,2015-09-28 00:12:00 来自 华为Ascend Mate7
转发微博,2015-09-27 10:22:00 来自 华为Ascend Mate7
 #地铁客流排行榜# 9月25日（周五），北京地铁线网客运量为1190.2万，上海地铁客运量为1034.6万，广州地铁客运量为791.7万，深圳地铁线网客运量为361万，南京地铁客运量为245.5万，武汉地铁客运量约176万，成都地铁客运量117.87万。其中上海地铁客流创出新高，超去年12月31的最高记录1028万约6万。,2015-09-26 10:16:00 来自 华为Ascend Mate7
难得呀,2015-09-25 10:47:00 来自 华为Ascend Mate7
只转不评『梁柱：围攻我的大V们逃之夭夭，缺乏承认错误的勇气-察网中国触屏版』  O “察网中国”是由海南察网文化传媒有限公司运营... ,2015-09-25 07:15:00 来自 华为Ascend Mate7
转发微博,2015-09-25 00:08:00 来自 华为Ascend Mate7
这也算小小的调整吧,2015-09-25 00:08:00 来自 华为Ascend Mate7
// @上海地铁shmetro :【地铁爱广播】穷游上海，到这些地方会让你骄傲。,2015-09-24 07:39:00 来自 华为Ascend Mate7
转发微博,2015-09-20 22:15:00 来自 华为Ascend Mate7
转发微博,2015-09-20 10:57:00 来自 华为Ascend Mate7
深圳4号线、深圳1号线新增列车均减少了座位数量！,2015-09-09 15:34:00 来自 华为Ascend Mate7
人民永远怀念毛主席！,2015-09-09 08:19:00 来自 华为Ascend Mate7
暑期各大城市客流走势图,2015-09-06 20:40:00 来自 微博 weibo.com
【洪秀柱提两岸定位5字原则(全文)】国民党总统参选人洪秀柱上周三深夜突然宣布闭关沉思，引发各界震惊，闭关3天后，洪秀柱今上午举行记者会，强调她不会退选，并邀请民进党主席蔡英文&amp;ldquo;一起透过女性无私的良知与深厚的爱心，终结蓝绿立场 （分享自  @P凰W台痴 ）   O 闭关3天后发布会 洪秀柱说・・・  ,2015-09-06 20:33:00 来自 分享按钮
 #分享滴滴红包抢车费#  我刚用  @滴滴打车  了，感觉棒棒哒！叫好车再出门，不怕日晒和雨淋~再送你一张滴滴打车券，用券抵车费，省心又省钱！  O 想要一呼即应？我用滴滴快车，快捷经济，分秒... ,2015-08-26 08:22:00 来自 滴滴出行Android
视乎有点道理,2015-08-19 09:29:00 来自 华为Ascend Mate7
我分享了 @环球时报  的文章   O “当代艺术”多为洗脑式欺骗 ,2015-07-28 09:15:00 来自 微博 weibo.com
 #地铁客流排行榜# 7月17日（周五），北京地铁线网客运量为1095.2万，上海地铁客运量为997.4万，广州地铁客运量为763万，深圳地铁线网客运量为360万，南京地铁客运量为223万，武汉地铁客运量约161万，成都地铁客运量106.25万。,2015-07-18 11:42:00 来自 华为Ascend Mate7
拆出部分座位是一个好办法，值得既有列车借鉴，新购列车可以直接考虑设计方案减少座位，这方面深圳地铁1号线新增的列车就是减少了一排座位。,2015-07-18 11:36:00 来自 华为Ascend Mate7
【澎湃新闻：市政厅I春运迁徙地图哪家更强：基于数据视角的点评】  O 网页链接 （分享自 @澎湃新闻 ） #我读澎湃# ,2015-07-18 10:26:00 来自 华为Ascend Mate7
 #地铁客流排行榜# 7月15日（周三），北京地铁线网客运量为1130.4万，上海地铁客运量为976.6万，广州地铁客运量为736.3万，深圳地铁线网客运量为340.8万，南京地铁客运量为218.4万，武汉地铁客运量约137万，成都地铁客运量105.23万。,2015-07-16 11:42:00 来自 微博 weibo.com
 #地铁客流排行榜# 7月13日（周一），北京地铁线网客运量为1104.44万，上海地铁客运量为982万，广州地铁客运量为736.3万，深圳地铁线网客运量为348.13万，南京地铁客运量为229.9万，武汉地铁客运量约154万，成都地铁客运量103.17万。,2015-07-14 18:03:00 来自 微博 weibo.com
发表了一篇转载博文《[转载]我国已开通时速300公里以上高铁线路汇总表》  &#xe606; [转载]我国已开通时速300公里以上高铁线路汇... ,2015-07-13 10:02:00 来自 新浪博客
 #地铁客流排行榜# 7月12日（周日），北京地铁线网客运量为756.86万，广州地铁客运量为681.7万，上海地铁客运量为602.4万，深圳地铁线网客运量为317万，南京地铁客运量为184.5万，武汉地铁客运量约140万，成都地铁客运量82.35万。,2015-07-13 09:48:00 来自 微博 weibo.com
 #地铁客流排行榜# 7月11日（周六），北京地铁线网客运量为826.25万，上海地铁客运量为370万，广州地铁客运量为704.6万，深圳地铁线网客运量为322.37万，南京地铁客运量为186.6万，武汉地铁客运量约150万，成都地铁客运量86.24万。,2015-07-12 16:45:00 来自 华为Ascend Mate7
我分享了  &#xe606; 我国已开通时速300公里以上高铁线路汇总表 ,2015-07-12 09:59:00 来自 华为Ascend Mate7
 #地铁客流排行榜# 7月10日（周五），北京地铁线网客运量为1162.7万，上海地铁客运量为991万，广州地铁客运量为763.5万，深圳地铁线网客运量为353.91万，南京地铁客运量为247.4万，武汉地铁客运量约168万，成都地铁客运量107.39万。,2015-07-11 10:50:00 来自 华为Ascend Mate7
 #地铁客流排行榜# 7月3日（周五），北京地铁线网客运量为1020.2万，上海地铁客运量为978.2万，广州地铁客运量为731.5万，深圳地铁线网客运量为343.77万，南京地铁客运量为238.8万，武汉地铁客运量约167万，成都地铁客运量99.81万。,2015-07-04 13:47:00 来自 华为Ascend Mate7
 #2014年世界各国GDP排名# 国际货币基金组织于4月14日公布了2014年世界各国GDP排名，2014年全球GDP总量77.3万亿美元，美国为17.149万亿美元，位居第一；中国为10.380万亿美元，位居第二，日本为4.416万亿美元，位居第三，排名第四到第十的分别为：德国、英国、法国、巴西、意大利、印度和俄罗斯。,2015-06-26 18:47:00 来自 微博 weibo.com
 #地铁客流排行榜# 6月19日（周五，端午小长假前最后一天），北京地铁线网客运量为1137.69万，上海地铁客运量为1028.2万，广州地铁客运量为794.2万，深圳地铁线网客运量为373.63万，南京地铁客运量为263.7万，武汉地铁客运量约194万，成都地铁客运量111.13万。跟4月30日比，其中深略多，其余城市略少。,2015-06-20 11:19:00 来自 华为Ascend Mate7
互联网的优势就是技术先进，极大得降低了整个社会的平均成本，它对所有行业的冲击从本质说都是社会前进中的问题。   O 社评：法国出租与专车司机冲突的启示 ,2015-06-20 10:49:00 来自 华为Ascend Mate7
东方发展中国家他们近两百年来反抗殖民侵略、获得民族独立的斗争只是成功了一半。近代以来，西方资本主义强国对东方传统国度的侵略战争始终是明暗两条战线，明的是凭借船坚炮利的武力入侵，暗的则是看不见硝烟的以文化价值观为核心的文明侵略战争……   O 李艳艳：话语比较视野下中国特色社会主义的文... ,2015-06-15 07:47:00 来自 华为Ascend Mate7
转发微博,2015-06-11 07:54:00 来自 华为Ascend Mate7
我分享了 @环球时报  的文章   O 社评：日本何必因亚投行矫情自辱 ,2015-06-10 08:11:00 来自 华为Ascend Mate7
// @高铁见闻 :我这篇博客是5月30日写的，两天后6月1日，泰国政府副发言人讪森少将就出来为我站台背书，公开挺我。这面子也太大了，让我诚惶诚恐   看来下次我要继续努力了  O 中国中车 ,2015-06-04 08:28:00 来自 华为Ascend Mate7
【中日在泰国的高铁对决到底是怎么回事？】日本拿下泰国高铁的新闻受到广泛关注，本来觉得是一个很清楚的新闻，但是后来发现国内媒体在报道时候都偏了十万八千里，第一，他们认为日本拿下了泰国高铁项目，第二发挥想象力说中国高铁出局了，这些媒体只能靠抄袭与发挥想象力写文章。,2015-06-04 08:23:00 来自 华为Ascend Mate7
破局,2015-05-19 07:59:00 来自 华为Ascend Mate7
我分享了 @环球时报  的文章   O 社评：广安“保路”群体事件应能避免 ,2015-05-19 07:40:00 来自 华为Ascend Mate7
// @深圳地铁集团 : 渊博好细心~棒棒哒~深圳地铁版”大家来找茬“~~,2015-05-18 11:25:00 来自 微博 weibo.com
转发微博,2015-05-18 11:25:00 来自 微博 weibo.com
在会展中心,2015-05-14 08:43:00 来自 华为Ascend Mate7
【Uber的营销创意为何能层出不穷？跟Uber中国早期员工聊了会儿】 （分享自  @凤凰财经 ）   O Uber的营销创意为何能层出不穷？跟Uber中国早...  ,2015-05-12 09:12:00 来自 分享按钮
让懂的人去做，“让听的见炮声的人做决策”！---什么时候才有这样的氛围？,2015-05-12 09:09:00 来自 微博 weibo.com
“决策”--起于利益，归于妥协。,2015-05-11 10:30:00 来自 微博 weibo.com
分享网易新闻:「地铁2号线发车间隔压至5分钟 列车由23列增至27列」   O 地铁2号线发车间隔压至5分钟 列车由23列增至2... ,2015-05-10 13:41:00 来自 网易新闻客户端
分享网易新闻:「毕业生薪酬百强出炉 中大本科生毕业5年月赚8940元」   O 毕业生薪酬百强出炉 中大本科生毕业5年月赚89... ,2015-05-10 12:04:00 来自 网易新闻客户端
转发微博,2015-05-09 12:49:00 来自 华为Ascend Mate7
 #地铁客流排行榜# 5月2日（周六），北京地铁线网客运量为846.08万，广州地铁客运量为749.7万，上海地铁客运量671.5万，深圳地铁线网客运量为351.25万，南京地铁客运量为195.2万，武汉地铁客运量约179万，成都地铁客运量97.5万.,2015-05-03 13:41:00 来自 华为Ascend Mate7
转发微博,2015-05-02 13:46:00 来自 华为Ascend Mate7
 #地铁客流排行榜# 5月1日（周五），上海地铁客运量为868.9万，广州地铁客运量为854.3万，北京地铁线网客运量827.5万，深圳地铁线网客运量为391.59万，南京地铁客运量为273.2万，武汉地铁客运量约176万，成都地铁客运量111.6万.,2015-05-02 10:40:00 来自 华为Ascend Mate7
 #地铁客流排行榜# 4月30日（周四），北京地铁线网客运量为1210.54万，上海地铁客运量为1028.7万，广州地铁客运量为810万，深圳地铁线网客运量为370.2万，南京地铁客运量为270万，武汉地铁客运量约206万，西安地铁客运量约125.5万，成都地铁客运量118.8万，其中北京、上海地铁客运量创历史新高。,2015-05-01 18:07:00 来自 华为Ascend Mate7
  O 国家铁路局发布2014年铁道统计公报 ,2015-05-01 17:34:00 来自 华为Ascend Mate7
 #地铁客流排行榜# 4月30日（周四），北京地铁线网客运量为……万，上海地铁客运量为1028.7万，广州地铁客运量为810万，深圳地铁线网客运量为370.2万，南京地铁客运量为270万，武汉地铁客运量约206万，西安地铁客运量约125.5万，成都地铁客运量118.8万，其中上海地铁客运量超去年12.31客流，创历史新高。,2015-05-01 12:35:00 来自 华为Ascend Mate7
不因孤独而沉沦，应因孤独而升华！,2015-04-29 07:39:00 来自 华为Ascend Mate7
// @华夏-军团 :回复 @戴旭网络义勇军贰师 :！// @戴旭网络义勇军贰师 :历史虚无主义实质是历史颠覆主义，把你曾经的史实彻底颠覆，编织成他们所需要的剧情，即欲亡其国，先去其史。,2015-04-28 21:38:00 来自 华为Ascend Mate7
牛人一个！,2015-04-23 11:25:00 来自 华为Ascend Mate7
转发微博,2015-04-23 11:25:00 来自 华为Ascend Mate7
中国文化是世界诸伟大文化中唯一的非宗教性文化。为人的准则通过长辈教诲、神话传说、寓言故事、民间戏剧等，悄然潜入头脑，终生难以磨灭，形成不虑而知，不学而能的良知。这就是中国人道德教育的来源。两千年来，中国人没有宗教信仰传统，却同样拥有天经地义的生命准则   O 学者：德育切不可“去中国化” ,2015-04-23 07:43:00 来自 华为Ascend Mate7
我分享了 @环球时报  的文章   O 社评：言论自由与国家安全决不能对立 ,2015-04-23 07:34:00 来自 华为Ascend Mate7
我分享了 @李艳艳  的文章   O 李艳艳：谁可当这时代英雄？ ,2015-04-23 07:15:00 来自 华为Ascend Mate7
我分享了 @环球时报  的文章   O 诋毁邱少云的那帮人，既狂又二 ,2015-04-20 08:28:00 来自 华为Ascend Mate7
外媒：日本冲绳知事访华时对李克强提及琉球王国   O 外媒：日本冲绳知事访华时对李克强提及琉球王国   @凤凰新闻客户端 ,2015-04-16 07:40:00 来自 凤凰新闻
文章写的不错，观点有也想到了一些，但是概括总结不出这么精炼的句子   O 社评：希拉里参选与躺枪的中国 ,2015-04-15 07:53:00 来自 华为Ascend Mate7
【澎湃新闻：市政厅I轨道交通的PPP模式怎么做？看深圳的探索】  O 网页链接 （分享自 @澎湃新闻 ）,2015-04-09 07:57:00 来自 华为Ascend Mate7
【澎湃新闻：市政厅I香港地铁建设运营，如何与城市发展共赢】  O 网页链接 （分享自 @澎湃新闻 ）,2015-04-09 07:56:00 来自 华为Ascend Mate7
 #地铁客流排行榜# 4月5日（周日），北京地铁线网客运量为785.66万人次，广州地铁线网客运量667万人次，上海地铁客运量为648.4万人次，深圳地铁线网客运量为330万人次，南京地铁客运量为183.4万人次，武汉地铁客运量约124万人次（出行量99.21），成都地铁客运量91.33万人次。,2015-04-06 12:16:00 来自 华为Ascend Mate7
 #地铁客流排行榜# 4月4日（周六），北京地铁线网客运量为853.58万人次，上海地铁客运量为717.1万人次，广州地铁客运量为687.5万人次，深圳地铁线网客运量为320万人次，南京地铁客运量为226.5万人次，武汉地铁客运量约160万人次（出行量124.79），成都地铁客运量99.7万人次。,2015-04-05 18:03:00 来自 华为Ascend Mate7
转发微博,2015-04-05 11:18:00 来自 华为Ascend Mate7
 #地铁客流排行榜# 4月3日（周五），北京地铁线网客运量为1153.29万人次，上海地铁客运量为992.8万人次，广州地铁客运量为756.1万人次，深圳地铁线网客运量为344.3万人次，南京地铁客运量为251.7万人次，武汉地铁客运量149.24万人次，成都地铁客运量112万人次。,2015-04-04 10:40:00 来自 华为Ascend Mate7
 #地铁客流排行榜#  春节各大城市客流走势图如下：,2015-04-03 12:46:00 来自 
 #地铁客流排行榜#  4月2日(周四)，北京地铁线网客运量约为1016万人次，上海地铁客运量为937.1万人次，广州地铁客运量为653.5万人次，深圳地铁线网客运量为307万人次，南京地铁客运量为194.4万人次。武汉地铁115.2万人次，成都地铁89.7万人次。,2015-04-03 12:39:00 来自 
【马英九在台北第五次遥祭黄帝陵】中华民族传统节日清明节来临之际，台湾当局领导人马英九4月2日率众在台北遥祭黄帝陵。 （分享自  @P凰W台痴 ）   O 马英九在台北第五次遥祭黄帝陵  ,2015-04-03 09:03:00 来自 分享按钮
深圳地铁三期新增列车首列车154在1号线运营，车厢动态地图作了改善，信息更加丰富与直观了！为深圳地铁点赞  ！,2015-04-03 08:22:00 来自 华为Ascend Mate7
【媒体：有人将深圳书记任命视为深圳直辖信号 不成立】对于深圳市而言，由省委副书记兼任市委书记是常态。新世纪以来，曾以广东省委副书记身份兼任深圳市委书记的，此前就有张高丽、黄丽满、刘玉浦三位。从这个角度上来看，有人将深圳市委书记由广东省委副 （分享自  @凤凰网 ）   O 网页链接  ,2015-03-27 09:29:00 来自 分享按钮
2014年中国内地城市GDP、中国内地省市GDP,2015-03-19 19:59:00 来自 微博 weibo.com
2014年中国内地主要城市地方财政预算收入排行榜,2015-03-19 19:57:00 来自 微博 weibo.com
 #啪啪升级了#  文字变图片，随时分享指尖心情；新增音乐榜，手机一点轻松发布。互动频道刷不停，有声节目更丰富！多种声音滤镜，方言、萌物乐翻天。啪啪4.2，图片声音更精彩！你也来一起玩转啪啪吧&gt;&gt;  O 网页链接 ,2015-03-09 10:58:00 来自 啪啪
转发微博,2015-03-06 10:04:00 来自 华为Ascend Mate7
转发微博,2015-03-04 08:57:00 来自 微博 weibo.com
转发微博,2015-02-28 11:06:00 来自 华为Ascend Mate7
 #地铁客流排行榜# 2月26日(周四，年初八)，北京地铁线网客运量为725.3万人次，上海地铁客运量为694.3万人次，广州地铁客运量为507.3万人次，深圳地铁线网客运量为213.3万人次，南京地铁客运量为128.3万人次。武汉地铁104.44万人次，成都地铁82.92万人次。均低于但正在逐步恢复正常工作日客流水平。,2015-02-27 11:56:00 来自 华为Ascend Mate7
转发微博,2015-02-25 18:27:00 来自 华为Ascend Mate7
转发微博,2015-02-25 18:26:00 来自 华为Ascend Mate7
我分享了 @人民铁道网  的文章   O 春运大量客车是如何加开的？ ,2015-02-25 18:25:00 来自 华为Ascend Mate7
转发微博,2015-02-25 18:22:00 来自 华为Ascend Mate7
转发微博,2015-02-25 18:21:00 来自 华为Ascend Mate7
 #丁俊晖的红包# 抢红包图的就是个吉利！ 我在丁俊晖 的粉丝红包中抽到了 @快的打车  提供的“快的打车6元红包”，你也快来试试手气！  O 丁俊晖 的红包 ,2015-02-19 12:04:00 来自 粉丝红包
 #地铁客流排行榜# 2月18日(除夕)，上海地铁客运量为274.8万人次，广州地铁客运量为250.4万人次，北京地铁线网客运量176.7万人次，深圳地铁线网客运量为82万人次，武汉地铁38.46万人次，南京地铁客运量37.9万人次，成都地铁24.59万人次。全都上演空城计，预计均创本年度客流最底点，初一开始触底反弹！,2015-02-19 09:57:00 来自 华为Ascend Mate7
 #地铁客流排行榜# 2月17日(廿二十九)，上海地铁客运量为488.5万人次，北京地铁线网客运量378.27万人次，广州地铁客运量为366.8万人次，深圳地铁线网客运量为130.5万人次，南京地铁客运量为78.4万人次。武汉地铁71万人次，成都地铁49.16万人次。全都上演空城计！,2015-02-18 10:40:00 来自 华为Ascend Mate7
【澎湃新闻：中纪委网站密集点赞雍正：对贪官懒官高压，对忠臣清官呵护】  O 网页链接 （分享自 @澎湃新闻 ）,2015-02-18 09:27:00 来自 华为Ascend Mate7
当下中国大学首先要服务于民族复兴、国家富强，要培养爱国的一流人才，要提供可推动社会发展的科技创新，以及先进积极的思想观念，而不是一味标榜独立性和思想自由，传播、生产怨气甚至戾气???   O 走出西方和民国情结看北大 ,2015-02-17 22:27:00 来自 华为Ascend Mate7
手机支付宝应该不受影响,2015-02-16 14:36:00 来自 华为Ascend Mate7
转发微博,2015-02-15 08:16:00 来自 华为Ascend Mate7
为方便广大深圳建设者节前顺利返乡，节后平安返回工作岗位，深圳地铁2.14、2.15均延长运营1小时。节后初一、初五、初六也均延长运营1小时。,2015-02-14 12:30:00 来自 华为Ascend Mate7
 #地铁客流排行榜# ,2015-02-12 12:30:00 来自 微博 weibo.com
北京地铁1号线没有屏蔽门,2015-02-12 09:41:00 来自 微博 weibo.com
【习近平的治国新方略：重塑央地关系】这几天，两个新闻，一个被热炒，一个却被淹没在茫茫的文字之中。前者是县以下公务员职务和职级并行，这个问题自去年深改组以后，就一直被热议。如今全文虽然没有公布，但总算是大势已定了。 （分享自  @凤凰网 ）   O 习近平的治国新方略：重塑央地关系  ,2015-02-07 12:39:00 来自 分享按钮
我分享了 @环球时报  的文章   O 社评：希腊不知轻重，中国如何接招 ,2015-01-30 08:10:00 来自 荣耀3X
 #地铁客流排行榜# 1月22日(周四)，北京地铁线网客运量为943.73万人次，上海地铁客运量为862.4万人次，广州地铁客运量为632.7万人次，深圳地铁线网客运量为291万人次，南京地铁客运量为146.3万人次。武汉地铁113.65万人次，成都地铁85.63万人次。,2015-01-23 10:02:00 来自 微博 weibo.com
2014年12月28日，深圳地铁运营开通十周年，安全运营3652天，运营里程5.2亿车公里，开行车次310万次，运送乘客33亿人次，全网列车正点率99.85%，全网列车兑现率99.92%，地铁日均客流量从15万人次增长到237万人次（不含港铁4号线）。,2015-01-23 09:49:00 来自 微博 weibo.com
 #地铁客流排行榜# 1月20日(周二)，北京地铁线网客运量为940.16万人次，上海地铁客运量为868.6万人次，广州地铁客运量为633.8万人次，深圳地铁线网客运量为292.37万人次，南京地铁客运量为146.5万人次。武汉地铁114.57万人次，成都地铁88.44万人次。,2015-01-21 17:12:00 来自 微博 weibo.com
真正关心民生// @昆明轨道交通集团有限公司 : 习大大关心换乘方不方便，距离远不远。,2015-01-21 17:07:00 来自 微博 weibo.com
// @港铁深圳 : 赣深客运专线铁路将按照350公里时速标准建设，争取在今年立项开工建设。未来深圳高铁至赣州只要2个小时，到南昌的时间也将缩短为3个小时。,2015-01-21 17:05:00 来自 微博 weibo.com
 #地铁客流排行榜# 1月19日(周一)，北京地铁线网客运量为947.1万人次，上海地铁客运量为868.5万人次，广州地铁客运量为639.9万人次，深圳地铁线网客运量为296.27万人次，南京地铁客运量为146.4万人次。武汉地铁115.91万人次，成都地铁88.75万人次。,2015-01-20 09:25:00 来自 微博 weibo.com
 #地铁客流排行榜# 1月18日(周曰)，广州地铁客运量为605.6万人次，北京地铁线网客运量为604.5万人次，上海地铁客运量为593万人次，深圳地铁线网客运量为290.1万人次，南京地铁客运量为122.9万人次。武汉地铁109.2万人次，成都地铁76.33万人次。,2015-01-19 21:25:00 来自 荣耀3X
 #地铁客流排行榜# 1月17日(周六)，北京地铁线网客运量为651.9万人次，上海地铁客运量为647.1万人次，广州地铁客运量为620.9万人次，深圳地铁线网客运量为289.5万人次，南京地铁客运量为136.6万人次。武汉地铁116.32万人次，成都地铁78.3万人次。,2015-01-19 21:21:00 来自 荣耀3X
 #地铁客流排行榜# 1月16日(周)，北京地铁线网客运量为982.3万人次，上海地铁客运量为907.9万人次，广州地铁客运量为685.1万人次，深圳地铁线网客运量为307万人次，南京地铁客运量为160.4万人次。武汉地铁124.25万人次，成都地铁97.4万人次。,2015-01-17 14:14:00 来自 荣耀3X
 #地铁客流排行榜# 1月15日(周四)，北京地铁线网客运量为908.68万人次，上海地铁客运量为855.9万人次，广州地铁客运量为635.6万人次，深圳地铁线网客运量为292万人次，南京地铁客运量为145.9万人次。武汉地铁115.67万人次，成都地铁87.92万人次。,2015-01-16 18:26:00 来自 荣耀3X
北京上海的地铁大概是因为线网太多了，区域性重大赛事活动延长运营加开列车通常只在本线进行，没考虑全网的换乘问题，深圳现行向做法是全网同步延长，以便同步换乘，以后线网多了也可以取北上的做法，以便减少运力浪费，在方便换乘与减少浪费之间找一个平衡点。,2015-01-16 18:10:00 来自 荣耀3X
转发微博,2015-01-16 17:59:00 来自 荣耀3X
 #地铁客流排行榜# 1月14日(周三)，北京地铁线网客运量为914万人次，上海地铁客运量为803万人次，广州地铁客运量为622.6万人次，深圳地铁线网客运量为290万人次，南京地铁客运量为141万人次。武汉地铁113万人次，成都地铁87万人次。,2015-01-15 10:14:00 来自 荣耀3X
转发微博,2015-01-15 10:01:00 来自 荣耀3X
西方媒体的可怕之处，很有欺骗性,2015-01-14 20:33:00 来自 荣耀3X
// @央视新闻 :【细说 #养老金余额可继承# 】我国养老保险个人账户的计发月数是139个月，也就是个人账户中的钱分139个月发完，按照60岁退休计算，职工领自己的钱要到71.5岁才能领完，在此之前死亡的，个人账户里的余额都可继承。（央视记者李天雷 郭茜）,2015-01-14 16:08:00 来自 荣耀3X
转发微博,2015-01-14 16:05:00 来自 荣耀3X
转发微博,2015-01-14 15:59:00 来自 荣耀3X
 #地铁客流排行榜# 1月13日(周二)，北京地铁线网客运量为932.04万人次，上海地铁客运量为846.6万人次，广州地铁客运量为593.4万人次，深圳地铁线网客运量为268.75万人次，南京地铁客运量为137.7万人次。武汉地铁112.91万人次，成都地铁86.31万人次。,2015-01-14 14:52:00 来自 荣耀3X
转发微博,2015-01-14 14:43:00 来自 荣耀3X
 #地铁客流排行榜# 1月12日(周一)，北京地铁线网客运量为943.27万人次，上海地铁客运量为856.4万人次，广州地铁客运量为562.3万人次，深圳地铁线网客运量为271.88万人次，南京地铁客运量为145.7万人次。武汉地铁114.09万人次，成都地铁87.05万人次。,2015-01-13 12:37:00 来自 微博 weibo.com
手拿报纸占了胸前半个人的位置，后面有空间不进站在门口赌住门外人上车，电扶梯并排站着,2015-01-12 21:45:00 来自 荣耀3X
“老人老办法，新人新制度，中人逐步过渡”现在成了许多深水区改革的一项基本定律，意味着要拉平得付出三代人的代价。,2015-01-12 16:21:00 来自 微博 weibo.com
 #地铁客流排行榜# 1月11日(周日)，北京地铁线网客运量为605.24万人次，上海地铁客运量为587万人次，广州地铁客运量为585.7万人次，深圳地铁线网客运量为272万人次，南京地铁客运量为126.2万人次。武汉地铁109.67万人次，成都地铁74.49万人次。,2015-01-12 16:17:00 来自 微博 weibo.com
对 @重庆轨道交通  说：重庆地铁运营里程已居内地城市第四，欢迎公布每日客流情况,2015-01-12 09:55:00 来自 微博 weibo.com
回复 @zhengruiw02 :说明客流结构是以通勤通学为主，忠实度很高，是稳定的基石，上了一定规模线网的城市才有这个特点！// @zhengruiw02 :周末出行的人比较少,2015-01-12 09:31:00 来自 荣耀3X
 #地铁客流排行榜# 1月10日(周六)，北京地铁线网客运量为646.44万人次，上海地铁客运量为643.8万人次，广州地铁客运量为628.9万人次，深圳地铁线网客运量为281万人次，南京地铁客运量为142.1万人次。武汉地铁119.31万人次，成都地铁77.26万人次。,2015-01-11 11:52:00 来自 荣耀3X
【地铁客流】1月9日，深圳地铁全线网总客流量307.28万人次。,2015-01-10 18:11:00 来自 荣耀3X
转发微博,2015-01-10 10:05:00 来自 荣耀3X
转发微博,2015-01-10 10:04:00 来自 荣耀3X
转发微博,2015-01-10 10:03:00 来自 荣耀3X
转发微博,2015-01-10 10:03:00 来自 荣耀3X
转发微博,2015-01-10 10:03:00 来自 荣耀3X
转发微博,2015-01-10 10:03:00 来自 荣耀3X
【地铁客流】1月8日，深圳地铁全线网总客流量286万人次。,2015-01-09 10:00:00 来自 荣耀3X
转发微博,2015-01-09 09:55:00 来自 荣耀3X
转发微博,2015-01-09 09:54:00 来自 荣耀3X
转发微博,2015-01-09 09:54:00 来自 荣耀3X
转发微博,2015-01-09 08:39:00 来自 荣耀3X
转发微博,2015-01-09 08:36:00 来自 荣耀3X
转发微博,2015-01-09 08:36:00 来自 荣耀3X
转发微博,2015-01-09 08:36:00 来自 荣耀3X
转发微博,2015-01-09 08:08:00 来自 荣耀3X
转发微博,2015-01-09 07:59:00 来自 荣耀3X
中国内地城市2014年末轨道交通运营里程排名  O 中国内地2014年末城市轨道交通运营线路里程统... ,2015-01-07 12:18:00 来自 荣耀3X
要严谨，无歧义！,2015-01-04 19:46:00 来自 微博 weibo.com
转发微博,2015-01-04 16:52:00 来自 微博 weibo.com
回复 @睿琪小智 :你说的那是1曰的// @睿琪小智 :武汉149万 数据来源武汉地铁运营官方微博,2015-01-03 13:44:00 来自 荣耀3X
 #地铁客流排行榜# 1月2日，广州地铁客运量为679.5万人次，上海地铁客运量644.1万人次，北京地铁线网客运量629.19万人次，深圳地铁线网客运量为304.5万人次。第2梯队有南京地铁147.1万人次，武汉地铁126.1万人次，成都地铁85.24万人次。,2015-01-03 10:35:00 来自 荣耀3X
更正 #地铁客流排行榜# 1月1日，广州地铁客运量为826.5万人次，上海地铁客运量685.5万人次，北京地铁线网客运量678.49万人次，深圳地铁线网客运量为366.5万人次。第2梯队有南京地铁169.6万人次，武汉地铁149.53万人次，成都地铁101.96万人次。,2015-01-03 10:32:00 来自 荣耀3X
转发微博,2015-01-02 19:00:00 来自 荣耀3X
转发微博,2015-01-02 19:00:00 来自 荣耀3X
地铁运营里程排名,2015-01-02 12:31:00 来自 荣耀3X
回复 @lucky--fool :节假日北京上海地铁客运量通常都掉得厉害，昨天元旦上海人出行的热情也不排除受到了踩踏事情的影响。广州地铁工作曰节假日客流量都很大。// @lucky--fool :广州登顶了？,2015-01-02 11:59:00 来自 荣耀3X
 #地铁客流排行榜# 1月1日，广州地铁客运量为826.5万人次，上海地铁客运量685.5万人次，北京地铁线网客运量547.29万人次，深圳地铁线网客运量为366.5万人次。第2梯队有南京地铁169.6万人次，武汉地铁149.53万人次，成都地铁101.96万人次。,2015-01-02 11:51:00 来自 荣耀3X
 #地铁客流排行榜# 1月1日，广州地铁客运量为826.5万人次，上海地铁客运量685.5万人次，北京地铁线网客运量547.29万人次，深圳地铁线网客运量为366.5万人次。,2015-01-02 11:47:00 来自 荣耀3X
重庆前几天新开了线路，现在通车202公里，居内地城市第四了// @赵特特爱轨交 :重庆客流超南京了？！,2015-01-01 12:18:00 来自 荣耀3X
 #地铁客流排行榜# 12月31日（周三），北京地铁线网客运量为1032.8万人次，上海地铁客运量为1028.6万人次，广州地铁客运量为861.3万人次，深圳地铁线网客运量为394.9万人次，重庆地铁客运量230万人次，南京地铁客运量为199万人次。,2015-01-01 10:57:00 来自 微博 weibo.com
新的一年新的开始！许下一个愿望――一年胜一年！,2015-01-01 08:55:00 来自 微博 weibo.com
跟南京有得比,2015-01-01 08:12:00 来自 荣耀3X
转发微博,2015-01-01 08:11:00 来自 荣耀3X
内地城市应该排第五了,2015-01-01 08:10:00 来自 荣耀3X
转发微博,2014-12-31 23:45:00 来自 荣耀3X
牛！！,2014-12-22 20:24:00 来自 荣耀3X
 #地铁客流排行榜# 12月5日（周五），北京地铁线网客运量为1082.36万人次，上海地铁客运量为922.8万人次，广州地铁客运量为701.9万人次，深圳地铁线网客运量为314.5万人次，南京地铁客运量为164万人次。   2 大发埔西六巷 ,2014-12-06 12:16:00 来自 荣耀3X
12月5日（周五），北京地铁线网客流1082.76万人次(全球第一)，上海922.8万人次，广州701.9万人次，深圳线网314.5万人次。   2 阳光路 ,2014-12-06 12:14:00 来自 荣耀3X
【求是理论网刊文：围攻《辽宁日报》为哪般？】这是媒体对维护意识形态安全、保护年轻一代身心健康的责任担当。贺卫方、郭建斌们轮番炮轰、联手围攻，究竟为哪般？ （分享自  @凤凰网 ）   O 求是理论网刊文：围攻《辽宁日报》为哪般？  ,2014-11-18 19:26:00 来自 分享按钮
全国铁路下月实施新运行图 动车将扩至28省市区 （分享自  @凤凰网 ）   O 全国铁路下月实施新运行图 动车将扩至28省市区  ,2014-11-16 09:19:00 来自 分享按钮
“余则成”在朝鲜战争――不能归来的无名英雄   O “余则成”在朝鲜战争――不能归来的无名英雄 ,2014-11-08 22:46:00 来自 百度分享
关注地铁安全，一个大活人（应该为成人）家在屏蔽门与车门之间，为何没有屏蔽门与车门能同时关闭好而没有报警，不可思议？？,2014-11-07 09:12:00 来自 微博 weibo.com
回复 @zhengruiw02 :深圳地铁9.30至10.7日客流分别为：327.52W; 334W，325.93W;282.31，259.54W;249.88W;; 240.65W; 234.71W. // @zhengruiw02 :话说能不能发一下国庆深圳地铁客流 包括9月30号的？官方都没公布，不知道破纪录了没。谢谢！,2014-10-10 13:50:00 来自 微博 weibo.com
 #地铁客流排行榜# 9月16日（周二），北京地铁线网客运量为1057.94万人次，上海地铁客运量为855.5万人次，广州地铁客运量为579.3万人次，深圳地铁线网客运量为246.32万人次，南京地铁客运量为140.4万人次。,2014-09-17 17:38:00 来自 微博 weibo.com
 #地铁客流排行榜# 9月15日（周一），北京地铁线网客运量为1054.26万人次，上海地铁客运量为859.4万人次，广州地铁客运量为635.7万人次，深圳地铁线网客运量为277.87万人次，南京地铁客运量为140.8万人次。,2014-09-16 09:26:00 来自 微博 weibo.com
 #地铁客流排行榜# 9月14日（周日），北京地铁线网客运量为771.98万人次，上海地铁客运量为641.4万人次，广州地铁客运量为610.5万人次，深圳地铁线网客运量为251.05万人次，南京地铁客运量为137.6万人次。,2014-09-15 10:34:00 来自 微博 weibo.com
 #地铁客流排行榜# 9月13日（周六），北京地铁线网客运量为828.65万人次，上海地铁客运量为638.8万人次，广州地铁客运量为638.4万人次，深圳地铁线网客运量为263.32万人次，南京地铁客运量为149万人次。,2014-09-15 10:33:00 来自 微博 weibo.com
 #地铁客流排行榜# 9月12日（周五），北京地铁线网客运量为1082.49万人次，上海地铁客运量为887.2万人次，广州地铁客运量为678.4万人次，深圳地铁线网客运量为301.78万人次，南京地铁客运量为154.2万人次。,2014-09-15 10:32:00 来自 微博 weibo.com
 #地铁客流排行榜# 9月11日（周四），北京地铁线网客运量为1027.7万人次，上海地铁客运量为850.4万人次，广州地铁客运量为630.7万人次，深圳地铁线网客运量为286.33万人次，南京地铁客运量为140.1万人次。,2014-09-12 11:22:00 来自 微博 weibo.com
 #地铁客流排行榜# 9月10日（周三），北京地铁线网客运量为1037.14万人次，上海地铁客运量为843.2万人次，广州地铁客运量为637.1万人次，深圳地铁线网客运量为283.66万人次，南京地铁客运量为140.4万人次。,2014-09-11 09:56:00 来自 微博 weibo.com
 #地铁客流排行榜# 9月9日（周二），北京地铁线网客运量为1050.33万人次，上海地铁客运量为849.6万人次，广州地铁客运量为676.4万人次，深圳地铁线网客运量为298万人次，南京地铁客运量为147.6万人次。,2014-09-10 11:22:00 来自 微博 weibo.com
 #地铁客流排行榜# 9月8日（周一，放假），北京地铁线网客运量为807.51万人次，广州地铁客运量为657.2万人次，上海地铁客运量为638.1万人次，深圳地铁线网客运量为295.47万人次，南京地铁客运量为133.2万人次。,2014-09-09 09:34:00 来自 微博 weibo.com
 #地铁客流排行榜# 9月7日（周日），北京地铁线网客运量为776.38万人次，上海地铁客运量为677.3万人次，广州地铁客运量为670.6万人次，深圳地铁线网客运量为314.78万人次，南京地铁客运量为141.69万人次。,2014-09-09 09:32:00 来自 微博 weibo.com
 #地铁客流排行榜# 9月6日（周l六），北京地铁线网客运量为835.71万人次，上海地铁客运量为687.74万人次，广州地铁客运量为672.6万人次，深圳地铁线网客运量为279.37万人次，南京地铁客运量为155.24万人次。,2014-09-09 09:31:00 来自 微博 weibo.com
 #地铁客流排行榜# 9月5日（周五），北京地铁线网客运量为1167.23万人次，上海地铁客运量为922.4万人次，广州地铁客运量为709.6万人次，深圳地铁线网客运量为321.59万人次，南京地铁客运量为164.77万人次。,2014-09-09 09:30:00 来自 微博 weibo.com
回复 @zhengruiw02 :免费客流也会统计的// @zhengruiw02 :昨天去看展览，得到免费票一张，少贡献3人次客流。,2014-09-07 19:11:00 来自 微博手机版
 #地铁客流排行榜# 9月4日（周四），北京地铁线网客运量为1076.01万人次，上海地铁客运量为863.3万人次，广州地铁客运量为639.2万人次，深圳地铁线网客运量为288.37万人次，南京地铁客运量为145.9万人次。,2014-09-05 11:19:00 来自 微博 weibo.com
 #地铁客流排行榜# 9月3日（周三），北京地铁线网客运量为1079.3万人次，上海地铁客运量为814.58万人次，广州地铁客运量为630.6万人次，深圳地铁线网客运量为297.55万人次，南京地铁客运量为145.6万人次。,2014-09-04 09:23:00 来自 微博 weibo.com
 #地铁客流排行榜# 9月2日（周二），北京地铁线网客运量为972.02万人次，上海地铁客运量为937.2万人次，广州地铁客运量为626.7万人次，深圳地铁线网客运量为291.07万人次，南京地铁客运量为141.3万人次。,2014-09-04 09:22:00 来自 微博 weibo.com
 #地铁客流排行榜# 9月1日（周一），北京地铁线网客运量为1032.6万人次，上海地铁客运量为826.7万人次，广州地铁客运量为644.7万人次，深圳地铁线网客运量为295.24万人次，南京地铁客运量为141.9万人次。,2014-09-02 12:37:00 来自 微博 weibo.com
 #地铁客流排行榜# 8月31日（周日），北京地铁线网客运量为754.47万人次，广州地铁客运量为612.2万人次，上海地铁客运量为596.78万人次，深圳地铁线网客运量为279.24万人次，南京地铁客运量为120.2万人次。,2014-09-01 17:09:00 来自 微博 weibo.com
 #地铁客流排行榜# 8月29日（周五），北京地铁线网客运量为1096.21万人次，上海地铁客运量为873.1万人次，广州地铁客运量为691.8万人次，深圳地铁线网客运量为314.02万人次，南京地铁客运量为156.28万人次。,2014-08-30 13:06:00 来自 荣耀3X
发表了一篇转载博文《[转载]《国防参考》全文：警惕西方敌对势力抹黑毛泽东的险恶图谋》  &#xe606; [转载]《国防参考》全文：警惕西方敌对势力抹... ,2014-08-29 17:00:00 来自 新浪博客
 #地铁客流排行榜# 8月28日（周四），北京地铁线网客运量为1064万人次，上海地铁客运量为859.8万人次，广州地铁客运量为650.9万人次，深圳地铁线网客运量为300.76万人次，南京地铁客运量为144.7万人次。,2014-08-29 09:36:00 来自 微博 weibo.com
 #地铁客流排行榜# 8月27日（周三），北京地铁线网客运量为1078.13万人次，上海地铁客运量为849.5万人次，广州地铁客运量为658.6万人次，深圳地铁线网客运量为306.36万人次，南京地铁客运量为141万人次。,2014-08-28 17:49:00 来自 微博 weibo.com
 #地铁客流排行榜# 8月26日（周二），北京地铁线网客运量为1090.74万人次，上海地铁客运量为868.4万人次，广州地铁客运量为665.1万人次，深圳地铁线网客运量为307.26万人次，南京地铁客运量为147万人次。,2014-08-27 17:06:00 来自 微博 weibo.com
回复 @zhengruiw02 :周末北京上海掉得厉害，按说南京这种城市周末应该保持增长才对。 // @zhengruiw02 :南京怎么掉了那么多，下雨？,2014-08-26 11:34:00 来自 微博 weibo.com
 #地铁客流排行榜# 8月25日（周一），北京地铁线网客运量为1091.86万人次，上海地铁客运量为861.5万人次，广州地铁客运量为680万人次，深圳地铁线网客运量为306.08万人次，南京地铁客运量为146.8万人次。,2014-08-26 11:32:00 来自 微博 weibo.com
 #地铁客流排行榜# 8月24日（周日），北京地铁线网客运量为795.9万人次，广州地铁客运量为642.3万人次，上海地铁客运量为618.5万人次，深圳地铁线网客运量为300.54万人次，南京地铁客运量为118.5万人次。,2014-08-25 10:58:00 来自 微博 weibo.com
 #地铁客流排行榜# 8月21日（周四），北京地铁线网客运量为1103.73万人次，上海地铁客运量为909.9万人次，广州地铁客运量为647.6万人次，深圳地铁线网客运量为304.62万人次，南京地铁客运量为148万人次。,2014-08-22 14:12:00 来自 微博 weibo.com
 #地铁客流排行榜# 8月19日（周二），北京地铁线网客运量为1115.5万人次，上海地铁客运量为826.72万人次，广州地铁客运量为645.2万人次，深圳地铁线网客运量为300.66万人次，南京地铁客运量为148.7万人次。,2014-08-20 10:42:00 来自 微博 weibo.com
 #地铁客流排行榜# 8月18日（周一），北京地铁线网客运量为1116.4万人次，上海地铁客运量为859.2万人次，广州地铁客运量为697.1万人次，深圳地铁线网客运量为304.56万人次，南京地铁客运量为148.3万人次。,2014-08-19 09:21:00 来自 微博 weibo.com
 #地铁客流排行榜# 8月12日（周二），北京地铁线网客运量为1106.93万人次，上海地铁客运量为860.5万人次，广州地铁客运量为640.4万人次，深圳地铁线网客运量为302.6万人次，南京地铁客运量为149.1万人次。,2014-08-13 10:47:00 来自 微博 weibo.com
 #地铁客流排行榜# 8月11日（周一），北京地铁线网客运量为1100.92万人次，上海地铁客运量为871.4万人次，广州地铁客运量为657.9万人次，深圳地铁线网客运量为308.91万人次，南京地铁客运量为144.9万人次。,2014-08-12 09:24:00 来自 微博 weibo.com
 #地铁客流排行榜# 8月10日（周日），北京地铁线网客运量为815.75万人次，上海地铁客运量为632.49万人次，广州地铁客运量为608.1万人次，深圳地铁线网客运量为303.79万人次，南京地铁客运量为123.4万人次。,2014-08-11 12:40:00 来自 微博 weibo.com
回复 @用户3852043527 :你说的大概是“总进站客流”跟“各线的客运量之和”的概念问题吧，现在通常说的客运量采用的数据都是指后者，也就是说都包含了换乘客流，比如说北京某日线网总客流1100万，不是指全天有1100万人次进站，而是指各线列车运输量有1100万，对列车运力安排及清算票款有重要意义。,2014-08-09 09:31:00 来自 荣耀3X
地铁客流排行榜#8月7日（周四），北京地铁线网客运量为1089万人次，上海地铁客运量为845万人次，广州地铁客运量为624.4万人次，深圳地铁线网客运量为298.8万人次，南京地铁客运量为133.8万人次。,2014-08-08 11:06:00 来自 微博 weibo.com
 #地铁客流排行榜# 8月6日（周三），北京地铁线网客运量为1103.47万人次，上海地铁客运量为847.8万人次，广州地铁客运量为631.6万人次，深圳地铁线网客运量为303.27万人次，南京地铁客运量为130.6万人次。,2014-08-07 12:38:00 来自 微博 weibo.com
独特的轨道风景线,2014-08-07 11:50:00 来自 微博 weibo.com
 #地铁客流排行榜# 8月5日（周二），北京地铁线网客运量为1103.86万人次，上海地铁客运量为851.2万人次，广州地铁客运量为644万人次，深圳地铁线网客运量为306.23万人次，南京地铁客运量为134.8万人次。,2014-08-06 12:42:00 来自 微博 weibo.com
转发微博,2014-08-05 19:31:00 来自 荣耀3X
关于 #地铁客流排行榜# 的声明，第一，没想到会有这么多人关注，是好事；第二，我要说明，不同的角度会有不能的解读，属正常；第三，博主本人最先想到的只是提供一个客观的“数据”，方便从整体上把握中国内地城市轨道交通运营的现状，至于如何解读、评价这些数据，是下一步的问题，也欢迎大家发表见解！,2014-08-05 11:35:00 来自 微博 weibo.com
 #地铁客流排行榜# 8月4日（周一），北京地铁线网客运量为1053万人次，上海地铁客运量为855.8万人次，广州地铁客运量为648.4万人次，深圳地铁线网客运量为311万人次，南京地铁客运量为140.1万人次。,2014-08-05 10:15:00 来自 微博 weibo.com
 #地铁客流排行榜# 8月3日（周日），北京地铁线网客运量为798.62万人次，上海地铁客运量为649.8万人次，广州地铁客运量为630.6万人次，深圳地铁线网客运量为316万人次，南京地铁客运量为122.8万人次。,2014-08-05 10:14:00 来自 微博 weibo.com
南京也有5条线了。// @鹅黄小杯 :南京才几条地铁啊。。。 ,2014-08-05 08:55:00 来自 荣耀3X
 #地铁客流排行榜# 7月31日（周四），北京地铁线网客运量为1092.87万人次，上海地铁客运量为871.5万人次，广州地铁客运量为652.6万人次，深圳地铁线网客运量为304.37人次，南京地铁客运量为134.9万人次。,2014-08-01 12:43:00 来自 微博 weibo.com
 #地铁客流排行榜# 7月29日（周二），北京地铁线网客运量为1101万人次，上海地铁客运量为871万人次，广州地铁客运量为651万人次，深圳地铁线网客运量为308人次，南京地铁客运量为140万人次。,2014-07-30 09:19:00 来自 微博 weibo.com
 #地铁客流排行榜# 7月28日（周一），北京地铁线网客运量为1095.2万人次，上海地铁客运量为866.2万人次，广州地铁客运量为665.7万人次，深圳地铁线网客运量为315.87人次，南京地铁客运量为144万人次。,2014-07-29 10:09:00 来自 微博 weibo.com
 #地铁客流排行榜# 7月24日（周四），北京地铁线网客运量为1096万人次，上海地铁客运量为854.5万人次，广州地铁客运量为644.9万人次，深圳地铁线网客运量为306人次，南京地铁客运量为136万人次。,2014-07-25 11:39:00 来自 微博 weibo.com
 #地铁客流排行榜# 7月23日（周三），北京地铁线网客运量为1115.77万人次，上海地铁客运量为861.6万人次，广州地铁客运量为659.3万人次，深圳地铁线网客运量为313.19人次，南京地铁客运量为135.3万人次。,2014-07-24 10:05:00 来自 微博 weibo.com
 #地铁客流排行榜# 7月16日（周三），北京地铁线网客运量为1146.63万人次，上海地铁客运量为900.5万人次，广州地铁客运量为692.4万人次，深圳地铁线网客运量为325.52人次，南京地铁客运量为147.7万人次。,2014-07-17 10:16:00 来自 微博 weibo.com
 #地铁客流排行榜# 6月19日（周四），北京地铁线网客运量为1030.15万人次，上海地铁客运量为839.4万人次，广州地铁客运量为615.8万人次，深圳地铁线网客运量为281.63人次，南京地铁客运量为132万人次。,2014-06-20 11:39:00 来自 微博 weibo.com
 #地铁客流排行榜# 6月18日（周三），北京地铁线网客运量为1036.53万人次，上海地铁客运量为843.6万人次，广州地铁客运量为616万人次，深圳地铁线网客运量为288.62人次，南京地铁客运量为133.6万人次。,2014-06-19 14:04:00 来自 微博 weibo.com
 #地铁客流排行榜# 6月17日（周二），北京地铁线网客运量为1026.22万人次，上海地铁客运量为808.9万人次，广州地铁客运量为599.2万人次，深圳地铁线网客运量为282.8人次，南京地铁客运量为130.3万人次。,2014-06-18 11:36:00 来自 微博 weibo.com
 #地铁客流排行榜# 6月16日（周一），北京地铁线网客运量为1023.64万人次，上海地铁客运量为821.8万人次，广州地铁客运量为634.7万人次，深圳地铁线网客运量为290.55人次，南京地铁客运量为128.8万人次。,2014-06-17 17:40:00 来自 微博 weibo.com
 #地铁客流排行榜# 6月15日（周日），北京地铁线网客运量为734.19万人次，广州地铁客运量为611.3万人次，上海地铁客运量为601.6万人次，深圳地铁线网客运量为275人次，南京地铁客运量为113.1万人次。,2014-06-16 09:53:00 来自 微博 weibo.com
 #地铁客流排行榜# 6月14日（周六），北京地铁线网客运量为791.43万人次，上海地铁客运量为654万人次，广州地铁客运量为630.3万人次，深圳地铁线网客运量为271.18万人次，南京地铁客运量为120.9万人次。,2014-06-16 09:50:00 来自 微博 weibo.com
 #地铁客流排行榜# 6月13日（周五），北京地铁线网客运量为1052.1万人次，上海地铁客运量为864.1万人次，广州地铁客运量为660.8万人次，深圳地铁线网客运量为302.93万人次，南京地铁客运量为138.3万人次。,2014-06-14 10:48:00 来自 微博 weibo.com
 #地铁客流排行榜# 6月12日（周四），北京地铁线网客运量为1023.39万人次，上海地铁客运量为829.8万人次，广州地铁客运量为620.1万人次，深圳地铁线网客运量为279.9万人次，南京地铁客运量为126.4万人次。,2014-06-13 09:45:00 来自 微博 weibo.com
 #地铁客流排行榜# 6月11日（周三），北京地铁线网客运量为1033.85万人次，上海地铁客运量为826.2万人次，广州地铁客运量为582.8万人次，深圳地铁线网客运量为282.32万人次，南京地铁客运量为126.5万人次。,2014-06-12 09:42:00 来自 微博 weibo.com
问：“地铁上原本有3头羊，中途上去一只狼，狼到站下车了，请问车上还有多少羊？” “没有羊，被狼吃了” “错，3头羊，因为地铁上不可以吃东西...”,2014-06-11 11:19:00 来自 微博 weibo.com
 #地铁客流排行榜# 6月10日（周二），北京地铁线网客运量为1020.93万人次，上海地铁客运量为824.9万人次，广州地铁客运量为611.8万人次，深圳地铁线网客运量为282.21万人次，南京地铁客运量为126.5万人次。,2014-06-11 09:41:00 来自 微博 weibo.com
呼吁有良知的独立知识分子！,2014-06-10 15:32:00 来自 荣耀3X
转发微博,2014-06-10 11:20:00 来自 专业版微博
 #地铁客流排行榜# 6月9日（周一），北京地铁线网客运量为1031.45万人次，上海地铁客运量为816万人次，广州地铁客运量为620.5万人次，深圳地铁线网客运量为285.48万人次，南京地铁客运量为125.2万人次。,2014-06-10 11:18:00 来自 微博 weibo.com
 #地铁客流排行榜# 6月8日（周日），北京地铁线网客运量为700.62万人次，上海地铁客运量为588.1万人次，广州地铁客运量为571.7万人次，深圳地铁线网客运量为258.52万人次，南京地铁客运量为109万人次。,2014-06-09 09:58:00 来自 微博 weibo.com
 #地铁客流排行榜# 6月7日（周六），北京地铁线网客运量为792.5万人次，上海地铁客运量为646.4万人次，广州地铁客运量为579.9万人次，深圳地铁线网客运量为256.45万人次，南京地铁客运量为123.6万人次。,2014-06-09 09:57:00 来自 微博 weibo.com
 #地铁客流排行榜# 6月6日（周五），北京地铁线网客运量为993.28万人次，上海地铁客运量为866.9万人次，广州地铁客运量为621.7万人次，深圳地铁线网客运量为287.41万人次，南京地铁客运量为137.8万人次。,2014-06-09 09:56:00 来自 微博 weibo.com
 #地铁客流排行榜# 6月5日（周四），北京地铁线网客运量为1012.46万人次，上海地铁客运量为822万人次，广州地铁客运量为590万人次，深圳地铁线网客运量为272.32万人次，南京地铁客运量为127万人次。,2014-06-09 09:55:00 来自 微博 weibo.com
 #地铁客流排行榜# 6月4日（周三），北京地铁线网客运量为1002.44万人次，上海地铁客运量为812.6万人次，广州地铁客运量为593.2万人次，深圳地铁线网客运量为278.45万人次。,2014-06-05 09:48:00 来自 微博 weibo.com
 #地铁客流排行榜# 6月3日（周二），北京地铁线网客运量为1020.92万人次，上海地铁客运量为816.7万人次，广州地铁客运量为603.8万人次，深圳地铁线网客运量为285.86万人次，南京地铁客运量为131.1万人次。,2014-06-05 09:47:00 来自 微博 weibo.com
 #地铁客流排行榜# 6月2日（周一，放假），北京地铁线网客运量为778.27万人次，广州地铁客运量为669.7万人次，上海地铁客运量为621.7万人次，深圳地铁线网客运量为314.2万人次，南京地铁客运量为119.2万人次。,2014-06-03 09:52:00 来自 微博 weibo.com
 #地铁客流排行榜# 6月1日（周日），北京地铁线网客运量为760万人次，广州地铁客运量为675.9万人次，上海地铁客运量为529.2万人次，深圳地铁线网客运量为335.7万人次，南京地铁客运量为90万人次。,2014-06-03 09:50:00 来自 微博 weibo.com
 #地铁客流排行榜# 5月31日（周六），北京地铁线网客运量为795.29万人次，上海地铁客运量为679.3万人次，广州地铁客运量为642.7万人次，深圳地铁线网客运量为286.83万人次，南京地铁客运量为119.1万人次。,2014-06-03 09:49:00 来自 微博 weibo.com
 #地铁客流排行榜# 5月30日（周五），北京地铁线网客运量为1103.26万人次，上海地铁客运量为898万人次，广州地铁客运量为692.7万人次，深圳地铁线网客运量为314.28万人次，南京地铁客运量为154万人次。,2014-06-03 09:48:00 来自 微博 weibo.com
我正在使用手机应用&lt;呼应&gt;，注册就送了1小时电话时长；做任务还送了我快1000分钟。现在拨打全国任意座机、手机都不用花钱了！真的很神奇！邀请码为[1nohwv]  O 网页链接 ,2014-06-03 07:55:00 来自 呼应免费网络电话
我正在使用手机应用&lt;呼应&gt;，注册就送了1小时电话时长；做任务还送了我快1000分钟。现在拨打全国任意座机、手机都不用花钱了！真的很神奇！邀请码为[1nohwv]  O 网页链接 ,2014-06-01 09:21:00 来自 呼应免费网络电话
据说已指定要S..MC去该地运营，那岂不是马上又要大变动了？？,2014-05-30 12:53:00 来自 微博 weibo.com
 #地铁客流排行榜# 5月29日（周四），北京地铁线网客运量为1033.87万人次，上海地铁客运量为834.6万人次，广州地铁客运量为609.8万人次，深圳地铁线网客运量为282.16万人次，南京地铁客运量为130.6万人次。,2014-05-30 12:51:00 来自 微博 weibo.com
华为中标埃塞轻轨项目，4G LTE助力智慧城轨- 华为中标埃塞轻轨项目，4G LTE助力智慧城轨   O 网页链接  ,2014-05-30 10:39:00 来自 bShare分享
 #地铁客流排行榜# 5月28日（周三），北京地铁线网客运量为1038.27万人次，上海地铁客运量为833.1万人次，广州地铁客运量为6604.3万人次，深圳地铁线网客运量为280.13万人次，南京地铁客运量为130.8万人次。,2014-05-29 14:27:00 来自 微博 weibo.com
 #地铁客流排行榜# 5月27日（周二），北京地铁线网客运量为1033.38万人次，上海地铁客运量为825.5万人次，广州地铁客运量为620.7万人次，深圳地铁线网客运量为278.78万人次，南京地铁客运量为129.3万人次。,2014-05-28 10:52:00 来自 微博 weibo.com
 #地铁客流排行榜# 5月26日（周一），北京地铁线网客运量为1049万人次，上海地铁客运量为825万人次，广州地铁客运量为614.2万人次，深圳地铁线网客运量为283.7万人次，南京地铁客运量为130.6万人次。,2014-05-27 09:53:00 来自 微博 weibo.com
 #地铁客流排行榜# 5月25日（周日），北京地铁线网客运量为793.04万人次，上海地铁客运量为581.7万人次，广州地铁客运量为613.6万人次，深圳地铁线网客运量为274.46万人次，南京地铁客运量为120.5万人次。,2014-05-26 10:39:00 来自 微博 weibo.com
我正在使用手机应用&lt;呼应&gt;，注册就送了1小时电话时长；做任务还送了我快1000分钟。现在拨打全国任意座机、手机都不用花钱了！真的很神奇！邀请码为[1nohwv]  O 网页链接 ,2014-05-25 15:12:00 来自 呼应免费网络电话
 #地铁客流排行榜# 5月21日（周三），北京地铁线网客运量为1048.45万人次，上海地铁客运量为775.3万人次，广州地铁客运量为584.9万人次，深圳地铁线网客运量为281.05万人次，南京地铁客运量为131.4万人次。,2014-05-22 15:22:00 来自 微博 weibo.com
 #地铁客流排行榜# 5月20日（周二），北京地铁线网客运量为1063.67万人次，上海地铁客运量为878.7万人次，广州地铁客运量为610.1万人次，深圳地铁线网客运量为272.06万人次，南京地铁客运量为135.2万人次。,2014-05-21 09:50:00 来自 微博 weibo.com
 #地铁客流排行榜# 5月19日（周一），北京地铁线网客运量为1048.01万人次，上海地铁客运量为831万人次，广州地铁客运量为598.1万人次，深圳地铁线网客运量为283.52万人次，南京地铁客运量为132万人次。,2014-05-20 10:13:00 来自 微博 weibo.com
地铁客流排行榜#5月18日（周日），北京地铁线网客运量为814.55万人次，上海地铁客运量为610.3万人次，广州地铁客运量为589.4万人次，深圳地铁线网客运量为271.54万人次，南京地铁客运量为129.7万人次。,2014-05-19 10:09:00 来自 微博 weibo.com
地铁客流排行榜#5月17日（周六），北京地铁线网客运量为862.29万人次，上海地铁客运量为639.5万人次，广州地铁客运量为620.2万人次，深圳地铁线网客运量为279.22万人次，南京地铁客运量为135.5万人次。,2014-05-19 10:07:00 来自 微博 weibo.com
地铁客流排行榜#5月16日（周五），北京地铁线网客运量为1111.38万人次，上海地铁客运量为896.9万人次，广州地铁客运量为647.1万人次，深圳地铁线网客运量为305.258万人次，南京地铁客运量为147.9万人次。,2014-05-19 10:06:00 来自 微博 weibo.com
地铁客流排行榜#5月13日（周二），北京地铁线网客运量为1053.14万人次，上海地铁客运量为850.1万人次，广州地铁客运量为597.6万人次，深圳地铁线网客运量为294.08万人次，南京地铁客运量为130.2万人次。,2014-05-14 11:07:00 来自 微博 weibo.com
地铁客流排行榜#5月8日（周四），北京地铁线网客运量为1040.24万人次，上海地铁客运量为843万人次，广州地铁客运量为564.8万人次，深圳地铁线网客运量为268万人次，南京地铁客运量为131万人次。,2014-05-09 12:55:00 来自 微博 weibo.com
地铁客流排行榜#5月7日（周三），北京地铁线网客运量为1035万人次，上海地铁客运量为836.4万人次，广州地铁客运量为547.2万人次，深圳地铁线网客运量为266.74万人次，南京地铁客运量为132.8万人次。,2014-05-09 12:54:00 来自 微博 weibo.com
回复 @陈聂IN江K :深圳的记录是5.1那天，近348w // @陈聂IN江K :全部创纪录！！！,2014-05-09 09:17:00 来自 微博 weibo.com
地铁客流排行榜#5月6日（周二），北京地铁线网客运量为1040.21万人次，上海地铁客运量为834.3万人次，广州地铁客运量为570.5万人次，深圳地铁线网客运量为265.6万人次，南京地铁客运量为132万人次。,2014-05-07 09:44:00 来自 微博 weibo.com
 #地铁客流排行榜# 5月5日（周一），北京地铁线网客运量为1040万人次，上海地铁客运量为826.5万人次，广州地铁客运量为581.5万人次，深圳地铁线网客运量为273.55万人次，南京地铁客运量为132.9万人次。,2014-05-06 16:26:00 来自 微博 weibo.com
 #地铁客流排行榜# 5月4日（周日，上班），北京地铁线网客运量为982.05万人次，上海地铁客运量为737万人次，广州地铁客运量为603.8万人次，深圳地铁线网客运量为270.78万人次，南京地铁客运量为128.3万人次。,2014-05-05 09:39:00 来自 微博 weibo.com
 #地铁客流排行榜# 5月3日（周六，放假），北京地铁线网客运量为843.01万人次，上海地铁客运量为653.1万人次，广州地铁客运量为640.3万人次，深圳地铁线网客运量为276.99万人次，南京地铁客运量为144.6万人次。,2014-05-04 09:58:00 来自 微博 weibo.com
 #地铁客流排行榜# 5月1日（周四，放假），北京地铁线网客运量为979.26万人次，上海地铁客运量为815.9万人次，广州地铁客运量为794.2万人次，深圳地铁线网客运量为347.18万人次，南京地铁客运量为169.5万人次。,2014-05-03 22:40:00 来自 微博 weibo.com
 #地铁客流排行榜# 5月2日（周五，放假），北京地铁线网客运量为893.11万人次，上海地铁客运量为748.8万人次，广州地铁客运量为759.8万人次，深圳地铁线网客运量为329.23万人次，南京地铁客运量为152.3万人次。,2014-05-03 22:38:00 来自 微博 weibo.com
 #地铁客流排行榜# 4月30日（周三），北京地铁线网客运量为1190.1万人次，上海地铁客运量为938.1万人次，广州地铁客运量为740.9万人次，深圳地铁线网客运量为329.87万人次，南京地铁客运量为173.8万人次。,2014-05-03 22:34:00 来自 微博 weibo.com
更正 #地铁客流排行榜# 4月29日（周二），北京地铁线网客运量为1098.09万人次，上海地铁客运量为855.8万人次，广州地铁客运量为630.6万人次，深圳地铁线网客运量为277.69万人次，南京地铁客运量为143.5万人次。,2014-05-03 22:12:00 来自 微博 weibo.com
 #地铁客流排行榜# 4月29日（周二），北京地铁线网客运量为1098.09人次，上海地铁客运量为855.8万人次，广州地铁客运量为630.6万人次，深圳地铁线网客运量为277.69万人次，南京地铁客运量为143.5万人次。,2014-04-30 10:49:00 来自 微博 weibo.com
 #地铁客流排行榜# 4月28日（周一），北京地铁线网客运量为1089.27人次，上海地铁客运量为836.7万人次，广州地铁客运量为627.8万人次，深圳地铁线网客运量为284.17万人次，南京地铁客运量为137万人次。,2014-04-29 12:58:00 来自 微博 weibo.com
开通出席领导规格很高哦,2014-04-29 12:54:00 来自 政府版微博
 #地铁客流排行榜# 4月27日（周日），北京地铁线网客运量为854.04人次，广州地铁客运量为621.2万人次，上海地铁客运量为601.9万人次，深圳地铁线网客运量为270.55万人次，南京地铁客运量为121.2万人次。,2014-04-28 14:28:00 来自 微博 weibo.com
 #地铁客流排行榜# 4月26日（周六），北京地铁线网客运量为918.66人次，广州地铁客运量为585.2万人次，上海地铁客运量为547.6万人次，深圳地铁线网客运量为267.81万人次，南京地铁客运量为133.1万人次。,2014-04-28 14:27:00 来自 微博 weibo.com
 #地铁客流排行榜# 4月25日（周五），北京地铁线网客运量为1133.61人次，上海地铁客运量为900.2万人次，广州地铁客运量为676.4万人次，深圳地铁线网客运量为303.69万人次，南京地铁客运量为142.5万人次。,2014-04-28 14:23:00 来自 微博 weibo.com
转发微博,2014-04-28 14:16:00 来自 政府版微博
 #地铁客流排行榜# 4月23日（周三），北京地铁线网客运量为1076.05人次，上海地铁客运量为868.8万人次，广州地铁客运量为591.5万人次，深圳地铁线网客运量为277.14万人次，南京地铁客运量为137万人次,2014-04-25 14:26:00 来自 微博 weibo.com
 #地铁客流排行榜# 4月24日（周四），北京地铁线网客运量为1075.2人次，上海地铁客运量为854.8万人次，广州地铁客运量为615.5万人次，深圳地铁线网客运量为274.91万人次，南京地铁客运量为135.6万人次,2014-04-25 11:55:00 来自 微博 weibo.com
 #地铁客流排行榜# 4月22日（周二），北京地铁线网客运量为1088.26人次，上海地铁客运量为836.9万人次，广州地铁客运量为615.3万人次，深圳地铁线网客运量为278.14万人次，南京地铁客运量为135.5万人次,2014-04-23 15:43:00 来自 微博 weibo.com
回复 @李慧燕100 :是的，应该是290.73// @李慧燕100 :深圳地铁线网客运量为29073万人次？是不是少了一个小数点？,2014-04-22 19:07:00 来自 iPhone客户端
 #地铁客流排行榜# 4月21日（周一），北京地铁线网客运量为1087.47人次，上海地铁客运量为821.9万人次，广州地铁客运量为636.7万人次，深圳地铁线网客运量为29073万人次，南京地铁客运量为130.3万人次,2014-04-22 09:30:00 来自 微博 weibo.com
 #地铁客流排行榜# 4月20日（周日），北京地铁线网客运量约为864.39万人次，广州地铁客运量为670.2万人次，上海地铁客运量为660.2万人次，深圳地铁线网客运量为296.8万人次，南京地铁客运量为133.5万人次。,2014-04-21 09:45:00 来自 微博 weibo.com
 #地铁客流排行榜# 4月19日（周六），北京地铁线网客运量约为859.67万人次，广州地铁客运量为707万人次，上海地铁客运量为635.8万人次，深圳地铁线网客运量为301.75万人次，南京地铁客运量为133.2万人次。,2014-04-21 09:43:00 来自 微博 weibo.com
 #地铁客流排行榜# 4月18日（周五），北京地铁线网客运量为11124.57人次，上海地铁客运量为905.8万人次，广州地铁客运量为706.2万人次，深圳地铁线网客运量为327.2万人次，南京地铁客运量为151.9万人次。,2014-04-21 09:41:00 来自 微博 weibo.com
 #地铁客流排行榜# 4月17日（周四），北京地铁线网客运量为1033.44人次，上海地铁客运量为815.3万人次，广州地铁客运量为635.9万人次，深圳地铁线网客运量为294.14万人次，南京地铁客运量为131.7万人次。,2014-04-18 16:49:00 来自 微博 weibo.com
回复 @一生颐B君 :你说的对，不过从客流看，武汉大约80多w，成都约70w，郑州单线刚刚开通不久，客流还不值一提。重庆地铁的客流大约过百万了。 // @一生颐B君 :回复 @阿紫她哥阿牛 :武汉，郑州，成都有的。,2014-04-17 10:05:00 来自 微博 weibo.com
 #地铁客流排行榜# 4月16日（周三），北京地铁线网客运量为1064.79万人次，上海地铁客运量为817.6万人次，广州地铁客运量为636.7万人次，深圳地铁线网客运量为285.27万人次，南京地铁客运量为132.3万人次。,2014-04-17 09:51:00 来自 微博 weibo.com
 #地铁客流排行榜# 4月15日（周二），北京地铁线网客运量为1058.39万人次，上海地铁客运量为865.3万人次，广州地铁客运量为627.7万人次，深圳地铁线网客运量为282.34万人次，南京地铁客运量为134.6万人次。,2014-04-16 09:45:00 来自 微博 weibo.com
转发微博,2014-04-15 20:34:00 来自 iPhone客户端
回复 @陈聂IN南昌 :现在全国城市地铁建设都紧密锣鼓，你追我赶，日新月异并不奇怪，深圳三期工程在2016后也会有5条新线开通。// @陈聂IN南昌 :回复 @阿紫她哥阿牛 :那今年南京就超深圳了,2014-04-15 20:00:00 来自 iPhone客户端
回复 @一生颐B君 :暂时没有相关数据，这个数据有赖各家地铁公司自行自愿每天及时对外公布才行，说到这里首先要表扬北京上海广州南京等城市。// @一生颐B君 :不错，不过我建议加上武汉，成都，西安郑州等新地铁城市[呵呵],2014-04-15 19:46:00 来自 iPhone客户端
回复 @陈聂IN南昌 :5条线178km。// @陈聂IN南昌 :请问博主现在深圳地铁里程是？,2014-04-15 19:40:00 来自 iPhone客户端
 #地铁客流排行榜# 4月14日（周一），北京地铁线网客运量为1064.14万人次，上海地铁客运量为850.8万人次，广州地铁客运量为618.3万人次，深圳地铁线网客运量为280万人次，南京地铁客运量为138.2万人次。,2014-04-15 09:39:00 来自 微博 weibo.com
转发微博,2014-04-14 19:41:00 来自 iPhone客户端
更正： #地铁客流排行榜# 4月12日（周六），北京地铁线网客运量约为973.5万人次，广州地铁客运量为652.5万人次，上海地铁客运量为586.2万人次，深圳地铁线网客运量为275.6万人次，南京地铁客运量为134.7万人次。,2014-04-14 10:26:00 来自 微博 weibo.com
 #地铁客流排行榜# 4月13日（周日），北京地铁线网客运量为810.74万人次，广州地铁客运量为628.9万人次，上海地铁客运量为596.6万人次，深圳地铁线网客运量为277.22万人次，南京地铁客运量为129.4万人次。,2014-04-14 10:25:00 来自 微博 weibo.com
 #地铁客流排行榜# 4月12日（周六），北京地铁线网客运量约为973.5万人次，广州地铁客运量为60652.5万人次，上海地铁客运量为586.2万人次，深圳地铁线网客运量为275.6万人次，南京地铁客运量为134.7万人次。,2014-04-13 10:59:00 来自 微博 weibo.com
 #地铁客流排行榜# 4月11日（周五），北京地铁线网客运量为1106.8万人次，上海地铁客运量为887.6万人次，广州地铁客运量为661.3万人次，深圳地铁线网客运量为301.02万人次，南京地铁客运量为146.4万人次。,2014-04-13 10:57:00 来自 微博 weibo.com
 #地铁客流排行榜# 4月10日（周四），北京地铁线网客运量约为1046.38万人次，上海地铁客运量为839.4万人次，广州地铁客运量为608.2万人次，深圳地铁线网客运量为274.57万人次，南京地铁客运量为134.6万人次。,2014-04-13 10:56:00 来自 微博 weibo.com
 #地铁客流排行榜# 4月9日（周三），北京地铁线网客运量约为1055.93万人次，上海地铁客运量为834.8万人次，广州地铁客运量为603.2万人次，深圳地铁线网客运量为275.71万人次，南京地铁客运量为137.4万人次。,2014-04-10 12:58:00 来自 微博 weibo.com
 #地铁客流排行榜# 4月8日（周二），北京地铁线网客运量约为1020万人次，上海地铁客运量为833.8万人次，广州地铁客运量为599.4万人次，深圳地铁线网客运量为263.89万人次，南京地铁客运量为138.2万人次。,2014-04-09 11:25:00 来自 微博 weibo.com
 #地铁客流排行榜# 4月7日（周一、放假），北京地铁线网客运量为829.6万人次，上海地铁客运量为598.1万人次，广州地铁客运量为563.3万人次，深圳地铁线网客运量为233.63万人次，南京地铁客运量为141.6万人次。,2014-04-08 09:58:00 来自 微博 weibo.com
 #地铁客流排行榜# 4月6日（周日），北京地铁线网客运量为896.12万人次，上海地铁客运量为688.6万人次，广州地铁客运量为487.4万人次，深圳地铁线网客运量为238.61万人次，南京地铁客运量为148.6万人次。,2014-04-07 09:27:00 来自 微博 weibo.com
 #地铁客流排行榜# 4月5日（周六），北京地铁线网客运量为958.69万人次，上海地铁客运量为734.4万人次，广州地铁客运量为642.6万人次，深圳地铁线网客运量为332.45万人次，南京地铁客运量为155.9万人次。,2014-04-07 09:26:00 来自 微博 weibo.com
 #地铁客流排行榜# 4月4日（周五），北京地铁线网客运量为1157.2万人次，上海地铁客运量为911.4万人次，广州地铁客运量为709.9万人次，深圳地铁线网客运量为307.04万人次，南京地铁客运量为172.3万人次。,2014-04-07 09:25:00 来自 微博 weibo.com
 #地铁客流排行榜# 4月3日（周四），北京地铁线网客运量为1052.95万人次，上海地铁客运量为833.8万人次，广州地铁客运量为594.9万人次，深圳地铁线网客运量为251.84万人次，南京地铁客运量为138.4万人次。,2014-04-04 09:35:00 来自 微博 weibo.com
 #地铁客流排行榜# 4月2日（周三），北京地铁线网客运量为1042.39万人次，上海地铁客运量为831.5万人次，广州地铁客运量为568.2万人次，深圳地铁线网客运量为257.78万人次，南京地铁客运量为136.3万人次。,2014-04-04 09:34:00 来自 微博 weibo.com
 #地铁客流排行榜# 4月1日（周二），北京地铁线网客运量为1050.6万人次，上海地铁客运量为841.9万人次，广州地铁客运量为570.5万人次，深圳地铁线网客运量为261.01万人次，南京地铁客运量为134.3万人次。,2014-04-02 10:29:00 来自 微博 weibo.com
转发微博,2014-04-01 15:21:00 来自 iPhone客户端
 #地铁客流排行榜# 3月31日（周一），北京地铁线网客运量为1038.7万人次，上海地铁客运量为840.3万人次，广州地铁客运量为563.3万人次，深圳地铁线网客运量为246.55万人次，南京地铁客运量为135.1万人次。,2014-04-01 10:16:00 来自 微博 weibo.com
 #地铁客流排行榜# 3月30日（周日），北京地铁线网客运量为834.72万人次，上海地铁客运量为678.5万人次，广州地铁客运量为619万人次，深圳地铁线网客运量为255.47万人次，南京地铁客运量为137.8万人次。,2014-03-31 11:23:00 来自 微博 weibo.com
 #地铁客流排行榜# 3月29日（周六），北京地铁线网客运量为905.45万人次，上海地铁客运量为636.9万人次，广州地铁客运量为606.8万人次，深圳地铁线网客运量为253.67万人次，南京地铁客运量为126.4万人次。,2014-03-31 11:21:00 来自 微博 weibo.com
 #地铁客流排行榜# 3月28日（周五），北京地铁线网客运量为1106.61万人次，上海地铁客运量为867.6万人次，广州地铁客运量为654.3万人次，深圳地铁线网客运量为299.18万人次，南京地铁客运量为155.2万人次。,2014-03-31 11:20:00 来自 微博 weibo.com
 #地铁客流排行榜# 3月27日（周四），北京地铁线网客运量为1026.34万人次，上海地铁客运量为845万人次，广州地铁客运量为604.5万人次，深圳地铁线网客运量为274.57万人次，南京地铁客运量为137.1万人次。,2014-03-28 10:06:00 来自 微博 weibo.com
 #地铁客流排行榜# 3月26日（周三），北京地铁线网客运量为1050.7万人次，上海地铁客运量为841万人次，广州地铁客运量为603.5万人次，深圳地铁线网客运量为275.79万人次，南京地铁客运量为137.4万人次。,2014-03-27 11:30:00 来自 微博 weibo.com
呵呵。。才拿回6万多而已。假如银行机自己出问题你取1000， 银行机吐10万出来给你。 你拿去看看？ 不单单吐出来还得给判刑啊。 - -。,2014-03-27 00:06:00 来自 iPhone客户端
 // @事实聚焦 : ,2014-03-26 22:02:00 来自 iPhone客户端
 #地铁客流排行榜# 3月25日（周二），北京地铁线网客运量为1042.03万人次，上海地铁客运量为798.5万人次，广州地铁客运量为604.9万人次，深圳地铁线网客运量为276.89万人次，南京地铁客运量为131.1万人次。,2014-03-26 11:36:00 来自 微博 weibo.com
转发微博,2014-03-25 23:21:00 来自 iPhone客户端
 #地铁客流排行榜# 3月24日（周一），北京地铁线网客运量为1051.67万人次，上海地铁客运量为838.1万人次，广州地铁客运量为616.5万人次，深圳地铁线网客运量为280.35万人次，南京地铁客运量为135.2万人次。,2014-03-25 10:32:00 来自 微博 weibo.com
 #地铁客流排行榜# 3月23日（周日），北京地铁线网客运量为820.62万人次，上海地铁客运量为665.7万人次，广州地铁客运量为650万人次，深圳地铁线网客运量为292.78万人次，南京地铁客运量为147.6万人次。,2014-03-24 10:08:00 来自 微博 weibo.com
 #地铁客流排行榜# 3月22日（周六），北京地铁线网客运量为976.24万人次，上海地铁客运量为723.5万人次，广州地铁客运量为676.9万人次，深圳地铁线网客运量为289.03万人次，南京地铁客运量为166.9万人次。,2014-03-24 10:07:00 来自 微博 weibo.com
 #地铁客流排行榜# 3月21日（周五），北京地铁线网客运量约1100万人次，上海地铁客运量为901.8万人次，广州地铁客运量为668.4万人次，深圳地铁线网客运量为300.96万人次，南京地铁客运量为158万人次。,2014-03-24 10:06:00 来自 微博 weibo.com
 // @全球玩乐攻略 :你需要的薪酬和幸福   @心理学秘语  ,2014-03-23 20:27:00 来自 iPhone客户端
 #地铁客流排行榜# 3月20日（周四），北京地铁线网客运量为1041.22万人次，上海地铁客运量为836.9万人次，广州地铁客运量为610.8万人次，深圳地铁线网客运量为277.79万人次，南京地铁客运量为135.4万人次。,2014-03-21 10:25:00 来自 微博 weibo.com
 #地铁客流排行榜# 3月19日（周三），北京地铁线网客运量为1036.23万人次，上海地铁客运量为811.96万人次，广州地铁客运量为624.9万人次，深圳地铁线网客运量为282.95万人次，南京地铁客运量为127.7万人次。,2014-03-20 09:49:00 来自 微博 weibo.com
回复 @一生颐B君 :的确是，不过，这个排行不是针对单线的平均客流密度，而是针对整个城市的轨道交通客流规模而言呀。 // @一生颐B君 :回复 @阿紫她哥阿牛 :南京2条线有这么高客流，很努力了,2014-03-19 15:11:00 来自 微博 weibo.com
 #地铁客流排行榜# 3月18日（周二），北京地铁线网客运量为1035.6万人次，上海地铁客运量为847.6万人次，广州地铁客运量为623.4万人次，深圳地铁线网客运量为277.68万人次。,2014-03-19 10:47:00 来自 微博 weibo.com
回复 @一生颐B君 :南京地铁每日客流才130-140w，有点少。 // @一生颐B君 :没有南京?不科学,2014-03-19 10:46:00 来自 微博 weibo.com
转发微博,2014-03-19 10:41:00 来自 微博 weibo.com
 #地铁客流排行榜# 3月17日（周一），北京地铁线网客运量为1026.44万人次，上海地铁客运量为829.2万人次，广州地铁客运量为623.9万人次，深圳地铁线网客运量为283.22万人次。,2014-03-18 09:26:00 来自 微博 weibo.com
 #地铁客流排行榜# 3月16日（周日），北京地铁线网客运量为806.8万人次，上海地铁客运量为652万人次，广州地铁客运量为658.7万人次，深圳地铁线网客运量为287.38万人次。,2014-03-17 10:33:00 来自 微博 weibo.com
 #地铁客流排行榜# 3月15日（周六），北京地铁线网客运量为847.03万人次，上海地铁客运量为714.1万人次，广州地铁客运量为671.9万人次，深圳地铁线网客运量为278.99万人次。,2014-03-17 10:32:00 来自 微博 weibo.com
 #地铁客流排行榜# 3月14日（周五），北京地铁线网客运量为1098.19万人次，上海地铁客运量为898.4万人次，广州地铁客运量为661万人次，深圳地铁线网客运量为296.12万人次。,2014-03-17 10:30:00 来自 微博 weibo.com
转发微博,2014-03-15 23:05:00 来自 iPhone客户端
  O 网页链接 ,2014-03-14 17:56:00 来自 微博 weibo.com
 #地铁客流排行榜# 3月13日（周四），北京地铁线网客运量为1026.49万人次，上海地铁客运量为828.2万人次，广州地铁客运量为598.4万人次，深圳地铁线网客运量为273.29万人次。,2014-03-14 10:19:00 来自 微博 weibo.com
 #地铁客流排行榜# 3月12日（周三），北京地铁线网客运量为1026.05万人次，上海地铁客运量为798.3万人次，广州地铁客运量为578.9万人次，深圳地铁线网客运量为271.97万人次。,2014-03-13 16:06:00 来自 微博 weibo.com
转给关心金融的人,2014-03-12 23:42:00 来自 iPhone客户端
转发微博,2014-03-12 23:34:00 来自 iPhone客户端
 #地铁客流排行榜# 3月11日（周二），北京地铁线网客运量为1031.11万人次，上海地铁客运量为830万人次，广州地铁客运量为599万人次，深圳地铁线网客运量为273.48万人次。,2014-03-12 09:49:00 来自 微博 weibo.com
 #地铁客流排行榜#  纯民间排行，目的只是给关心城市轨道交通的人士提供一个相对的参考数据，了解下当下我国内地城市轨道交通的客流的规模及客流数据背后的交通拥挤程度、城市规模大小、城市的吸引力等等。所谓的是“北上广深”！,2014-03-11 10:22:00 来自 
 #地铁客流排行榜# 3月10日（周一），北京地铁线网客运量为1032.52万人次，上海地铁客运量为825.4万人次，广州地铁客运量为611.6万人次，深圳地铁线网客运量为278.48万人次。,2014-03-11 10:06:00 来自 微博 weibo.com
 #地铁客流排行榜# 3月9日（周日），北京地铁线网客运量为773.69万人次，上海地铁客运量为646.1万人次，广州地铁客运量为599.2万人次，深圳地铁线网客运量为271.69万人次。,2014-03-10 09:37:00 来自 微博 weibo.com
 #地铁客流排行榜# 3月8日（周六），北京地铁线网客运量为853.28万人次，上海地铁客运量为700万人次，广州地铁客运量为655.7万人次，深圳地铁线网客运量为297.8万人次。,2014-03-10 09:35:00 来自 微博 weibo.com
 #地铁客流排行榜# 3月7日（周五），北京地铁线网客运量为1109.4万人次，上海地铁客运量为894.8万人次，广州地铁客运量为661.9万人次，深圳地铁线网客运量为304.02万人次。,2014-03-10 09:34:00 来自 微博 weibo.com
 #地铁客流排行榜# 【昨日客流】3月6日（周四），北京地铁线网客运量为1052.36万人次，上海地铁客运量为808万人次，广州地铁客运量为589.9万人次，深圳地铁线网客运量为272.77万人次。,2014-03-07 10:28:00 来自 微博 weibo.com
不要说什么3w，能8k-1w就很不错了// @宋鸿兵 : 转发微博,2014-03-07 09:18:00 来自 微博 weibo.com
 #地铁客流排行榜# 【昨日客流】3月5日（周三），北京地铁线网客运量为894.91+165.5=1060.41万人次，上海地铁客运量为841.2万人次，广州地铁客运量为591.5万人次，深圳地铁线网客运量为271.24万人次。,2014-03-06 09:44:00 来自 微博 weibo.com
 #地铁客流排行榜# 【昨日客流】3月4日（周二），北京地铁线网客运量为884.9+164.6=1049.5万人次，上海地铁客运量为806.3万人次，广州地铁客运量为579.6万人次。深圳地铁线网客运量为276.69万人次。,2014-03-05 09:30:00 来自 微博 weibo.com
 #地铁客流排行榜#  【昨日客流】3月3日（周一），北京地铁线网客运量为866.84+162.6=1039.44万人次，上海地铁客运量为833.5万人次，广州地铁客运量为596.2万人次。深圳地铁线网客运量为282.48万人次。,2014-03-04 09:46:00 来自 微博 weibo.com
 #地铁客流排行榜#  2.27日北京地铁线网总客运量为875.99+163.2=103.9.19万人次，上海地铁总客流为828.2万人次，广州地铁总客运量为618.4万人次，深圳地铁线网总客运量277.8万人次。,2014-02-28 09:49:00 来自 微博 weibo.com
转发微博,2014-02-26 11:36:00 来自 微博 weibo.com
我于01-30 10:45在新浪投资广场的模拟炒股中，以3.79元卖出了交通银行(sh601328) 4200股。   O 网页链接 ,2014-01-30 10:45:00 来自 新浪财经投资广场
我得替我女儿留着，供她参考  // @Angeline莹宝 :家人也是这么说的? ,2014-01-16 11:55:00 来自 微博 weibo.com
// @520条爱情短信 : 百度为什么叫&quot;度娘&quot;？,2013-12-16 12:59:00 来自 微博 weibo.com
 #黄奕遭富二代老公炮轰# 娱乐圈 水太深 详情:  # 黄奕遭富二代老公炮轰 ,2013-11-26 11:12:00 来自 
新版微博客户端，好听，好看，更好玩！自定义背景、封面；音、视频直接播放；好友圈好友消息不错过；信息流滑动速度提升；支持屏蔽广告微博；广场音乐、电影、美食等频道升级。 快试试一键听歌：  K 夜空中最亮的星  下载地址：  O 微博：在 App Store 上的内容 ,2013-11-19 09:51:00 来自 iPhone客户端
... - 房网论坛: 星海名城 版   O 网页链接  ,2013-11-13 12:55:00 来自 深圳房网
// @戴旭 :// @分外桃花 : “西方敌对势力利用网络霸权地位，培植和指使一些网络“异见人士”、“意见领袖”恶意炒作涉党涉政涉军舆情，炮制大量负面流言、谣言和虚假信息，诋毁党和政府形象。其渗透性、隐蔽性和欺骗性越来越强。”自干五要擦亮眼睛，与其坚决斗争。,2013-10-29 21:54:00 来自 iPhone客户端
南山罗湖福田，深圳的内环线深圳虽然没有明确定义内... - 房网论坛: 家在南山 版   O 网页链接  ,2013-10-21 17:39:00 来自 深圳房网
转发微博,2013-10-14 21:19:00 来自 iPhone客户端
发表了一篇转载博文 《[转载]戴旭与李开复之决战》 -  &#xe606; [转载]戴旭与李开复之决战 ,2013-09-23 10:28:00 来自 新浪博客
“中国梦”别忘了还有他们・・・,2013-09-18 10:39:00 来自 微博 weibo.com
粤东高速公路……！ // @广州铁路 :让一让，救援第一！,2013-08-20 08:42:00 来自 iPhone客户端
但愿不要影响我今晚返程……,2013-08-20 08:41:00 来自 iPhone客户端
转发微博,2013-08-18 01:55:00 来自 iPhone客户端
现在关心国际关系，心系国家民族利益的人越来越少了，看到的多是损公肥私，欺压百姓的官员，及只关心个人眼前利益，及时行乐，奢靡挥霍的人，希望以此呐喊一下……,2013-08-16 00:05:00 来自 iPhone客户端
商业领域有眼前利益与长远利益之分，做人立足何尝不是这样呢？！,2013-08-15 23:51:00 来自 iPhone客户端
真没去过，看起来不错，找个机会去看看… // @然然不坏 :转发微博,2013-08-15 23:42:00 来自 iPhone客户端
向民族英雄们致敬…！！,2013-08-13 20:52:00 来自 iPhone客户端
有钱人终成房奴，有房人终成眷属！……,2013-08-09 16:20:00 来自 iPhone客户端
szmc运营就木有…可我们已经是世界一流了呀！？？ // @Angeline莹宝 : ,2013-08-06 22:52:00 来自 iPhone客户端
……… // @杨锦麟 :/宝贝是不能随便乱叫的，男朋友也不是随便乱说的。/ @重生天师 : 请允悲 ,2013-08-06 22:42:00 来自 iPhone客户端
收藏先下次慢慢看，看了可以与年代秀节目有更多的共鸣・・・・・・,2013-08-06 10:28:00 来自 微博 weibo.com
只转不评……,2013-07-27 09:05:00 来自 iPhone客户端
父爱如山……！！,2013-07-18 08:38:00 来自 iPhone客户端
 #回不去的曾经#  10年前刚刚来深圳，那时房价是5-6k每平方，好贵呀，当时纠结好久要不要按揭25年来买一套，现在那套房子已经3w了・・・，这就是“回不去的曾经”！,2013-07-17 17:28:00 来自 微博 weibo.com
欣赏新的铁路调度大厅,2013-07-15 11:08:00 来自 微博 weibo.com
暑期客流高涨・・・・・・,2013-07-15 11:07:00 来自 微博 weibo.com
转发微博,2013-07-03 16:03:00 来自 iPhone客户端
转发…收藏…,2013-07-01 23:12:00 来自 iPhone客户端
只看了一部…,2013-07-01 23:06:00 来自 iPhone客户端
// @杨澜 :// @思想聚焦 :女孩别觉得开豪车去西餐厅的男人高档，花钱能买到的档次都不值钱。男人的涵养和学问，才是千金难易。男人也别觉得浓妆性感的姑娘才漂亮，意脸隼吹钠亮很廉价。女人最贵重的，是心底的善良和对爱的坚持。外在的浮夸，都比不过内在的优秀。因为过日子，是内心戏。,2013-06-22 22:35:00 来自 iPhone客户端
转发微博,2013-06-22 22:21:00 来自 iPhone客户端
全球的新闻话语权基本在西方，尤其在美国控制下的，不否认西方媒体也有独立的一面，但是中情局对媒体的渗透与“诱导”新闻舆论走向是一定有的・・・・・・,2013-06-18 12:48:00 来自 微博 weibo.com
为国家安全、经济安全、经济利益着想，一定要多支持华为、中兴等民族企业・・・【斯诺登披露：美国借助“思科”监控中国】美国“棱镜门”揭秘者斯诺登称，美国国家安全局通过思科路由器监控中国网络和电脑，而思科几乎参与了中国所有大型网络项目的建设。   O 网页链接 （分享自  @凤凰网 ）,2013-06-18 11:40:00 来自 分享按钮
转给喜欢《非诚勿扰》节目的人・・・・・・,2013-06-17 17:29:00 来自 微博 weibo.com
// @一句心情签名 :繁华落尽，与君老。 ,2013-06-16 09:11:00 来自 iPhone客户端
如果是真的，值得有关部门好好研究・・・另外，内贾德的口才与逻辑真是一流呀！// @戴旭 : ！,2013-06-06 09:30:00 来自 微博 weibo.com
去过・・・// @我想陪你去远行 : 荷兰桑斯安斯风车村~~   @全球玩乐攻略 ,2013-05-31 12:35:00 来自 微博 weibo.com
对比：昨日（5.30日）北京地铁公司所辖14条运营线路日客运量为806.50万人次，京港地铁所辖3条4号线客流量154.7万人次，北京所有地铁客运量960.2万人次。昨日上海地铁总客流为695.3万人次。成都地铁1、2号线总客流为58.62万人次。深圳5条线客流约239w人次。,2013-05-31 09:32:00 来自 微博 weibo.com
”我不够聪明，但我愿意善良”・・・・・是一种可贵的境界 // @Angeline莹宝 :聪明是一种天赋，而善良是一种选择。,2013-05-30 09:54:00 来自 微博 weibo.com
转发微博,2013-05-21 09:15:00 来自 微博 weibo.com
【香港轻轨列车出轨 约50人受伤(图)】中新网5月17日电 综合港媒消息，香港轻轨地铁天水围屏厦路段17日下午16时许有列车出轨，大约50人受伤，3名重伤者已送往屯门医院，其他人大部分轻伤。   O 网页链接 （分享自  @凤凰网 ）,2013-05-17 18:05:00 来自 分享按钮
转发微博,2013-05-17 18:04:00 来自 微博 weibo.com
转发微博,2013-05-14 09:19:00 来自 微博 weibo.com
// @居家实用小百科 : 【五险一金的表达】！！  @教您疯狂背单词 ,2013-05-09 15:11:00 来自 微博 weibo.com
值得借鉴,2013-05-06 14:43:00 来自 微博 weibo.com
【任正非致员工信：华为10年内不上市 家族成员永不接班】任正非发内部邮件，称华为10年内不上市家族成员永不接班今天（4月28日）下午18点左右，华为创始人任正非宣布其家族成员将永远不会接班，华为10年内一定不会上市。以下为总裁办电子邮件全文   O 网页链接 （分享自  @凤凰科技 ）,2013-04-30 10:03:00 来自 分享按钮
转发微博,2013-04-28 13:20:00 来自 微博 weibo.com
1、一个人如果不能从内心去原谅别人，那他就永远不会心安理得。2、心中装满着自己的看法与想法的人，永远听不见别人的心声。,2013-04-28 13:19:00 来自 微博 weibo.com
// @懂得安慰自己 : 冰糖川贝炖雪梨~~  @做饭其实很简单 ,2013-04-28 13:14:00 来自 微博 weibo.com
// @520条爱情短信 : 买单的常用表达,2013-04-28 13:07:00 来自 微博 weibo.com
转发微博,2013-04-27 11:10:00 来自 微博 weibo.com
// @全球玩乐攻略 : 武侠人名翻译最高境界 ,2013-04-27 11:09:00 来自 微博 weibo.com
分享自李开周《宋朝开封的房价》 -闲读宋人诗文，发现很多大文豪在开封定居时都是租房住。比如说欧阳修，他二十一岁到开封赶考，是租的房子；二十三岁再次到开封...(来自  @头条博客 ) -  O 网页链接 ,2013-04-24 16:56:00 来自 新浪博客
其实中国至今并没有定“国花”，记得2013年“两会”上洛阳市市长还在建议将牡丹定位中国国花，但还只是建议// @全球玩乐攻略 : 世界各国国花;您知道吗   @超级实用小百科 ,2013-04-24 16:13:00 来自 微博 weibo.com
美国将调整GDP统计方式 经济总量扩大3%  O 网页链接 （分享自  @新浪财经 ）,2013-04-23 16:35:00 来自 新浪财经
// @Fenix手电-岑超凡 : 如何开好会，有很多方面值得我学习，尤其是有三个公式很有价值：1.开会+不落实=零 2.布置工作+不检查=零 3.抓住不落实的事+追究不落实的人=落实,2013-04-23 16:26:00 来自 微博 weibo.com
// @华为商城 : #我们在一起# 架起生命的桥梁，祈福雅安！ ,2013-04-20 18:58:00 来自 iPhone客户端
心酸・・・・・・,2013-04-16 11:45:00 来自 微博 weibo.com
问：“地铁上原本有3头羊，中途上去一只狼，狼到站下车了，请问车上还有多少羊？” “没有羊，被狼吃了” “错，3头羊，因为地铁上不可以吃东西...” [转],2013-04-16 09:50:00 来自 微博 weibo.com
毛主席说：“三天不学习，赶不上刘少奇”...... // @林hong全 :一日不读书，无人看得出；一周不读书，开始会爆粗；一月不读书，智商输给猪。。。  @跳不高Lareina ,2013-04-05 13:03:00 来自 微博 weibo.com
华为Mate、三星N7100 Galaxy Note2参数对比   O 网页链接 （分享自  @太平洋电脑网 ）,2013-03-30 13:58:00 来自 太平洋电脑网
了解也无妨：据说这个所谓的“白色情人节”是日本人独创的・・・,2013-03-14 15:26:00 来自 微博 weibo.com
分享博文《曾飞：铁路私有化危害国民利益和国家安全！》   O 网页链接 （分享自  @天涯社区 ）,2013-03-13 21:27:00 来自 天涯社区
// @一句心情签名 :很美的古诗 ,2013-03-13 15:44:00 来自 iPhone客户端
政治常识请不要错了…台湾与港澳都是中国的，同在一个中国内部…称呼上区别是：对台湾而言我们是大陆，对香港我们是内地。今天听老师讲课，那老师还是政府官员背景，讲到台湾郭台铭来“大陆”办富士康，竟然说来“中国”……郭台铭成了外国人？？……无语,2013-03-13 15:29:00 来自 iPhone客户端
感觉跟火车“软卧”差不多大！,2013-03-13 12:53:00 来自 微博 weibo.com
转：刘备、关羽、张飞顶风冒雪，三顾茅庐，不见不息，其诚可鉴天地。这个故事告诉我们一个深刻地道理：世界上最最抓心挠肝的事情，莫过于三缺一。。。,2013-03-12 17:44:00 来自 微博桌面
香港政府申请拨款2.3亿资助小贩 最高可获6.4万 网易新闻   O 网页链接 （分享自  @网易新闻 ）,2013-03-12 11:53:00 来自 网易新闻
发表了一篇转载博文 《[转载]铁老大被撤销是好还是坏消息》 -  O 网页链接 ,2013-03-11 11:57:00 来自 新浪博客
可以预期，撤了铁道部以后，铁路坐车难、运货难的问题不仅不会得到解决，反而会提高运价，到时百姓发现又被忽悠了。 ――看到朱大鸣的博文《铁老大被撤销是好还是坏消息》有感而发的评论。  O 网页链接 ,2013-03-11 11:57:00 来自 新浪博客
这还不含“四号线跟亦庄线”的客流，加上京港公司的这两线客流，最高3.8那天估计已经超过1000万了！,2013-03-11 10:09:00 来自 微博 weibo.com
众里寻他千百度，蓦然回首，那人却在婚姻登记处！,2013-03-03 11:59:00 来自 iPhone客户端
跟北京地铁差不多，北京地铁（不含港铁）昨日是726万，如果算上港铁至少几十万，还是北京的客流量大一些,2013-03-01 09:17:00 来自 微博 weibo.com
北京地铁的客流真的是大，现在恢复常态了吧？,2013-03-01 09:09:00 来自 微博 weibo.com
// @全球玩乐攻略 :英语中最容易混淆的词汇... ,2013-02-25 23:11:00 来自 iPhone客户端
转播： #轻松一刻# 情人节刚刚过去，迎来了悲催的妇女节。意思就是情人节他把你变成了妇女...妇女节后是愚人节，就是你变成妇女后发现自己被骗了...愚人节后是劳动节，就是发现自己被骗的时候已经晚了，只能给他当牛做马...劳动节后是儿童节......尼玛呀！还要给他生孩子！,2013-02-25 11:37:00 来自 微博 weibo.com
又到一年元宵夜，今年春节比往年多买了不少烟花，过了今晚春节就算过完了，还剩了一些，赶紧也去小区扎堆放了……,2013-02-24 22:11:00 来自 iPhone客户端
国内的都才去了3个地方……,2013-02-16 12:58:00 来自 iPhone客户端
亲们，你是哪一类？还是另外一类？……,2013-02-15 11:04:00 来自 iPhone客户端
你会吗？…… // @全球玩乐攻略 :如果爱的足够深   @单身心理学 ,2013-02-15 09:49:00 来自 iPhone客户端
现在的你，是有得选择还是没得选择呢？假如可以重新选择，你能选对吗？…… // @一句话情诗表白 :选择让你快乐的那个人来共度余生 ,2013-02-15 09:46:00 来自 iPhone客户端
2013.2.14--爱对了人每天都是情人节，爱错了人每天都是愚人节……,2013-02-14 22:22:00 来自 iPhone客户端
哎，一个都还没去过・・・,2013-02-14 17:54:00 来自 微博 weibo.com
职业男性参照执行・・・・・・,2013-02-14 17:11:00 来自 微博 weibo.com
2013.2.14爱您一生爱一世，今年的“西方情人节”似乎寓意格外珍贵，格外难得，顺便学习下西方情人节的本意・・・・・,2013-02-14 11:34:00 来自 专业版微博
早安，新的一天，新的一年……,2013-02-10 08:21:00 来自 iPhone客户端
春节版的微博iPhone客户端好喜庆~我给大家拜个年送个红包 #让红包飞# mini汽车、千台HTC手机等你拿!猛戳:  O 让红包飞 2013 I 微博帮你送红包 千万大奖等... 新版特性:1.新增精美新年主题;2.全新话题功能;3.支持分享到微信!  O 微博：在 App Store 上的内容 ,2013-02-09 10:11:00 来自 iPhone客户端
 #2012微博盘点# 且说当今世界，纷争不断，本丞相 @阿紫她哥阿牛  心怀天下济苍生，在规划新年世界格局之前，且先回顾来路，上表主公，不成想小笔一挥，竟成千古传诵…  O 年终盘点 ,2013-02-06 22:06:00 来自 手机微博触屏版
 #党委书记月薪2720# 工资基本不动，烟酒基本靠送 ・・・・，公布收入是应该值得肯定的第一步，下一步是不是考虑公开消费或者支出吧，职务的/个人的都分开来看看・・・ 详情:  O 网页链接 ,2013-02-04 17:07:00 来自 
  O 网页链接 ,2013-01-31 10:28:00 来自 微博 weibo.com
我参与了 @珠海新浪房产  发起的投票【省人大代表建议广东撤并重组地级市，您怎么看？】，我投给了&quot;不赞同，越整越乱&quot;这个选项。你也快来表态吧：  O 网页链接  ,2013-01-28 16:34:00 来自 
转发微博,2013-01-26 10:12:00 来自 iPhone客户端
每周最开心的是周五，每月最开心的是25・・・,2013-01-25 17:17:00 来自 微博 weibo.com
// @520条爱情短信 :你知道戒指的戴法吗？  ,2013-01-25 14:50:00 来自 iPhone客户端
主播与主持人的区别：,2013-01-24 17:23:00 来自 iPhone客户端
金庸武侠虽不等同于历史，但很多浪漫情节是在重大历史事件上演绎出来的，很有点意思// @冷笑话精选 : 金庸迷们不可错过的武侠年表！！,2013-01-24 11:34:00 来自 微博 weibo.com
转发微博,2013-01-23 19:56:00 来自 iPhone客户端
真的很美…,2013-01-23 19:54:00 来自 iPhone客户端
// @520条爱情短信 :【如何去除吃完火锅后衣服上的异味】 ,2013-01-22 22:40:00 来自 iPhone客户端
有女儿的父亲，都比较文雅；有儿子的母亲，大多含蓄温婉・・・,2013-01-22 11:37:00 来自 微博 weibo.com
好怀念这种冰天雪地的宁静与安详的感觉・・・好像只能在童年的记忆里面搜寻了・・・,2013-01-05 09:16:00 来自 微博 weibo.com
《中国四大名人、名著、名案、名曲、名佛、名都、名镇、名菜、名吃、名剧、名氏、名族、名玩、名山、名刹、名院、名观、名城、…》  O 网页链接 ,2012-12-24 11:33:00 来自 QQ阅读
《全国最佳医院排名――细心的你请为家人保存一份》  O 网页链接 ,2012-12-24 11:33:00 来自 QQ阅读
// @任志强 :世界之最？ // @张醒生 :税重之国！,2012-12-21 09:07:00 来自 iPhone客户端
地铁微小说：地铁上他站在她左边.对映入眼帘的她一见倾心;她对他微微笑;笑的很甜.眼看就要下车了，他心里嘀咕：“和她一块下吧，或许能和她搭上几句”。地铁不一会儿就到了终点站，下了车他鼓足勇气追上她说：“嘿，可以认识你吗？其实我已经错过了三站了。”她转过头依然微笑地对他说：“我也是”.,2012-12-19 19:08:00 来自 iPhone客户端
何老师，希望你能够同时开通腾讯微博，很关注…！！,2012-12-02 22:35:00 来自 iPhone客户端
转发微博。,2012-11-20 15:54:00 来自 iPhone客户端
转发微博。,2012-11-20 15:53:00 来自 iPhone客户端
转发微博。,2012-11-12 07:48:00 来自 iPhone客户端
转发微博。,2012-11-11 12:14:00 来自 iPhone客户端
转发微博。,2012-11-11 12:14:00 来自 iPhone客户端
朱杰好职业化！,2012-10-19 17:35:00 来自 微博 weibo.com
分享图片 我在:  O 网页链接 ,2012-09-16 14:53:00 来自 iPhone客户端
时寒冰读者签售会现场！ 我在:  网页链接  ,2012-09-16 14:43:00 来自 iPhone客户端
当年七夕织女下凡洗澡，认识了牛郎，演绎了一段惊天地泣鬼神的爱情故事，这件事告诉我们：女同志在家洗澡是没机会的，一定要到外面去洗，男同志在家呆着是不行的，一定要到外面放牛！在传统佳节七夕节即将到来之际，向一直战斗在爱情一线以及即将投入爱情战斗一线的广大同志们预祝七夕节快乐！,2012-08-22 17:48:00 来自 微博 weibo.com
刚出女人版？？期待ing男人版发布！ // @孔孔孔美丽 :是的伐～开心开心  ,2012-08-18 10:22:00 来自 iPhone客户端
古有曹植七步成诗，今有我七日织“围脖”。我获得了【七步成诗】勋章，谢谢大家的支持  网页链接  ,2012-08-16 08:58:00 来自 勋章馆
l2007年的时候，媒婆介绍小伙子的优点，说某某人会炒股，姑娘一听，特别喜欢，觉得小伙子有出息；现在变了，媒婆介绍小伙子，说某某人本分，不炒股，姑娘一听，乐了，多好的男孩儿!,2012-08-14 12:47:00 来自 微博 weibo.com
你现在开始预约2016年去巴西看奥运的“他”！！,2012-08-13 18:01:00 来自 微博 weibo.com
祝节日快乐哦…！ 我在:  网页链接  ,2012-08-01 18:50:00 来自 iPhone客户端
今天带小丫来到万绿湖。水很绿很绿。 我在:  网页链接  ,2012-07-30 14:00:00 来自 iPhone客户端
下午来禾田居！,2012-07-13 18:45:00 来自 iPhone客户端
六一儿童节祝所有小朋友们节日快乐！,2012-05-31 21:20:00 来自 iPhone客户端
早上偶尔坐大新往罗湖的首班车6：34，今天没想有这么多人，很多学生，要这么早起床，自己不当学生很多年了，真不容易!   网页链接  ,2012-05-24 06:52:00 来自 iPhone客户端
说明：这个仅适合当月超出规定的流量后临时措施，因为超出部分为1元/M，下月月结前应立即取消，改为申请固定的;可以10元/100M.,2012-05-23 16:43:00 来自 微博 weibo.com
11号线应该会最先开通，在福永与机场见还会增加一个T4站。,2012-05-22 17:47:00 来自 微博 weibo.com
7月马上改六分钟,2012-05-21 23:08:00 来自 iPhone客户端
// @深圳地铁论坛 :转发微博,2012-05-21 23:07:00 来自 iPhone客户端
// @马_越_brave :哈哈// @宸的美丽人生 : 转发微博,2012-05-21 23:02:00 来自 iPhone客户端
// @时光转动d不是心情 :太强大。。问题是我还觉得有点道理。你妹的，你赢了// @Su-Ting1218 :  @H_小小茶   @时光转动d不是心情 // @时尚经典语录 :人生如麻将,2012-05-21 22:45:00 来自 iPhone客户端
转发微博。,2012-05-19 21:45:00 来自 iPhone客户端
下午看到这辆法拉力，才295w，走了8900公里，原价新车要595w。   ,2012-05-19 21:21:00 来自 iPhone客户端
坐地铁上班族是注意：早上从大新往罗湖方向在8：03最高峰时有一列空车开过来。,2012-05-14 08:14:00 来自 iPhone客户端
